x1,x2,x3,x4,x5,x6,y
-0.3551886226627872,0.1901721791955876,-1.0,-0.5454669841416203,0.9869969296642274,0.8751060059147208,6.901123045809218
0.3729348152699443,-0.6866245237544014,-1.0,-1.0,-0.6954877564475748,-1.0,4.963780438264379
-0.9510647934435517,0.5949283941164935,-1.0,-0.04695811120631477,0.13879191340664088,0.3607233270514712,1.9069980008048248
1.0,1.0,1.0,0.7490482156587048,1.0,-0.6453817904724763,-5.259773614398962
-1.0,-1.0,-0.38319379775029483,-0.5800764892438048,0.12900350074022748,-0.10466051237179957,-1.2101821140177593
1.0,1.0,1.0,1.0,-0.7403785920470268,0.6161971471114123,1.1737254271922604
-0.47943013857934536,0.06863666528466328,-1.0,0.6228664107083568,0.39958531421918503,-0.31462469364618717,-0.23010321128926392
-1.0,0.6357342608316727,-0.8223449890652577,0.23251474982028364,-0.199564701941913,0.45958032146540134,1.9606940874713104
-0.8686774402276614,-0.5062548149682244,-1.0,-1.0,-0.5191106908956715,0.6447248438034188,-0.2577098837168488
-0.743409751429702,-0.7694217081150404,0.9472781993628198,-0.12214281164646672,0.6128939157142343,0.4497854679750101,0.7156735357253987
-1.0,0.5113988057867921,-0.5171693545688356,0.7362904548564212,-0.021586342856071555,1.0,3.0125808531663574
-1.0,0.5247678389303445,-0.17984829581714679,-0.7487988860573533,0.5817174673106824,1.0,5.061319183676766
0.47701028119901023,0.7647857323487245,0.27429427357985103,-0.05759221992696151,-0.8320921261731973,-0.5612195681278666,2.3211602436522902
-1.0,-0.5065720158606528,-1.0,-1.0,-0.0681729164141236,0.030317739347182293,-2.2420193183095574
-0.6062590879755979,-0.1302022659579649,0.7823736116749885,0.34824249954325104,-0.4148267873416628,-0.7175970924139337,0.6223943668134265
-0.2905690154972438,-0.6009666012907664,-1.0,-0.16242520784164327,-0.1984096355676529,-0.756412325354867,1.1131352003099
-0.7718267682579827,-1.0,0.1600847561205131,0.5584708301438468,-0.010238138979033362,0.5557033233511586,0.036574420017680964
0.13264160298654004,-0.1244144252743471,-0.5278067099332544,-0.6861328149778656,0.7968833511761322,0.21368383213589404,0.8481674392030158
-0.2533225935514316,-1.0,-1.0,-0.7800467068160402,1.0,0.171174110877103,-4.682538108213352
-1.0,0.2714964119325176,1.0,-0.5730362789291485,0.8413354575767849,1.0,-0.29149817588745
-0.3001869380741264,-0.38565955949072184,-1.0,-0.3822479431609064,-0.5276911474666889,0.22068637461810736,0.6923365363571703
-1.0,-0.06319619243923869,-0.8416078070205666,-0.10295784230107863,-0.13742800401008526,-0.3598123270298954,0.043728107666913374
-0.12185801942722574,0.005017165732126294,0.9268372596493244,0.6180066745199205,1.0,1.0,1.0906100469010145
-1.0,-1.0,-1.0,-1.0,-0.6202464735920806,-1.0,3.221855970372516
0.36852368430326177,-0.46875642638081594,-0.8832293384096322,-0.16159132833951906,0.27310135632488997,0.9840832470911823,2.1039163523419333
-0.9997253481052857,0.12794058441853184,-1.0,-0.7246804476097632,-0.4227820788316913,0.5282543385133953,0.0065840014830627624
0.5803409359632843,-0.30917750371941716,0.3306241419055229,-0.03952548404998815,0.16620381705890874,0.09318198072182393,0.3599101526356074
-0.28467123175864095,0.4399267467070417,0.23156422930584558,0.5191864533212558,-1.0,0.15959502975848316,-0.9413934764739572
0.36349274061707354,-0.39853610229775926,0.07065724681285823,-1.0,1.0,0.11771532854715733,0.39852125104477515
-0.5452481580100981,-0.7486694152377439,-1.0,-1.0,0.3933780506317616,0.35501253983102476,-3.662702844116403
0.3254239187054128,-0.32281223849564206,1.0,0.3045109940971924,1.0,0.3954518852662766,-2.2776374957891905
1.0,1.0,0.627636690688598,0.20901100218628454,-1.0,-0.7009021557379863,3.8614011253079963
0.30221066323337026,-0.9532951734225704,-0.2989736434934662,0.5829031729095259,0.11535256831894358,-0.4313629724839767,-0.16669963287068762
0.6545913933220477,0.6269613752237864,1.0,0.6277032172220751,0.7546387025190286,-1.0,-1.6186516703738807
-0.30261009233584824,1.0,-0.7298121844956835,1.0,-0.8150436841402549,0.5810033686501128,2.076822342907969
1.0,0.4687268844323076,1.0,0.8092473453480071,0.4926213640569974,-1.0,0.0785360955160811
0.4395200018870487,-0.01928855272313912,0.5313260191463784,0.8023087274651217,1.0,0.14406850315402106,-0.3460390326108811
-1.0,0.775465580408966,0.19051925723021412,-1.0,-0.04550993689547478,-0.5604875160634435,-1.5253500045329311
0.8758187534643725,0.7208235303349473,0.00826245357122457,-1.0,-0.8292206820604004,-0.4875341242625696,5.137552469565016
-1.0,0.43563435155722563,-0.2582534678288233,-0.2653767749687902,-1.0,-1.0,-2.29732513559031
1.0,-0.8005259342349682,-0.26849930116023973,1.0,0.1648347641607035,0.3606974916748267,-0.5363617121418633
0.4699579279006447,0.09945648122482376,0.7547303999308361,1.0,0.2669095351377181,0.15947791846043602,-1.1001680609932685
1.0,0.3150917671700928,1.0,1.0,-0.6401272370498207,-1.0,6.916461887167394
-1.0,-1.0,-0.3854168400404929,-0.04111670443459248,-0.14781318050870332,-0.6273640078550118,-0.11957012603535516
1.0,0.733347872372609,1.0,0.12071053864402614,-0.2826534903201633,0.009277003471203749,0.51969824208493
-1.0,-0.4716230930000655,1.0,-1.0,-0.4461524740657228,-1.0,1.8293470667551204
-1.0,-0.4299320659817498,-1.0,-1.0,-0.7157761348968759,-0.6206611424800839,0.8150490820608127
-1.0,-1.0,-0.35189055420540116,-0.6988833791166051,1.0,0.2804696074383336,0.4775122922414855
1.0,0.03239370078375958,1.0,1.0,-0.1948904946131138,-0.26661576385314345,0.471330521421516
-1.0,-0.3518035139368372,-0.2712558710660593,-1.0,0.4482073385067421,0.9490941740619867,1.6770350982316031
-0.6483008527551862,-1.0,-0.28956035486677434,-1.0,-1.0,0.18552575199763988,2.473826230833407
-0.9741744831490377,-0.4498825105590414,-1.0,0.3317979201384353,-1.0,-0.35877903831176017,-4.52870334347843
-1.0,-0.2143288829295018,-0.44341805785486527,-0.9062364054872614,1.0,0.4687519567431062,3.8946018547938457
1.0,-0.1391642480840648,0.5176448106247369,-0.04890122334475089,1.0,1.0,-2.305603458481067
0.6070321409919421,0.011204402080438491,1.0,1.0,1.0,1.0,-3.6142229508711172
-0.7631327081986549,-0.795785882948306,0.1374492496791594,-1.0,0.43835521731581895,-0.1901092710559383,1.7367706199757502
0.04464202913438353,0.10328439502395104,-0.0023265304867261527,1.0,1.0,1.0,5.08795304751322
-0.6516223257635142,0.15651094854644432,-0.5244160897444188,-0.503473323665502,-1.0,-0.5849451922718345,-2.436382223344163
0.9373482488758643,-0.33394358639232846,-0.19932157413130233,-0.9648619100635518,0.5306807766733044,1.0,0.3672782271872513
0.8808382790614355,0.6106854636969421,-0.8894459768044832,1.0,1.0,1.0,0.37685557010976745
-1.0,-0.5828788984419369,0.5084917127390003,0.21496842592421506,0.5636700307127116,0.41044697236544436,0.4744579806930542
0.06841880745507245,0.7912636344237842,0.49163579346490227,1.0,-0.13801661936139653,-0.6669379845104102,0.7234314883513318
1.0,1.0,0.8869738220206179,1.0,-0.10115286115984357,-0.6947388972490685,1.8231212669575847
0.16465815028043512,-0.0969111403661232,0.4347781295486609,-1.0,-1.0,-0.44497539087390714,2.567630538935757
-0.7349492982771488,-0.3456646467320714,-1.0,0.06258766568910001,-0.943293670248023,-0.9653340659774844,2.025641520654033
0.5636235539947854,-0.5174608997223291,1.0,-0.1729797306180633,-0.3610219302140063,-1.0,4.881321513317196
-0.5451037737207873,-0.5548607344953225,-1.0,0.31069670588442005,-0.07673831928563568,-0.2197065036811089,0.06129871313814905
1.0,0.02296864532857157,1.0,1.0,-0.31799998940829344,-0.25707482055855585,1.9921947453391666
-0.3431463938373574,-0.09499170798600265,-0.5543537526739529,-1.0,0.23678764000547448,0.6887597276592134,1.4460991958842937
0.21693536962498977,-0.5979762395227757,-1.0,-0.44695180236884235,-0.10261094065541021,-0.30861847319166114,-0.04879071968512155
-0.34629265779031854,-0.9299608937442178,0.24877264442723623,0.9373437284763341,0.3150445723274691,1.0,3.565769499806907
0.45761405483935935,-0.022328532005152057,0.8424905621755627,-0.7990392869634232,0.802362425363695,1.0,-1.4052121548731593
-1.0,-1.0,-1.0,-0.5880223128861883,0.0844844635582731,-0.5986143420667502,-2.011801663763617
0.3434889178364735,-0.07911355821414945,1.0,-0.5221640254130878,-0.09876637423779688,0.9319606794863197,-0.7172960698579425
0.014410744944924947,1.0,0.797310861248502,1.0,-1.0,0.49954522112195077,-1.59874681803664
0.65259798285091,-1.0,-1.0,-1.0,0.9140337901890283,0.25212394799195864,-6.340915712595609
0.461689513437164,0.43053299408400214,1.0,-0.2431374620263369,-1.0,0.9897289663440848,0.5983428098698714
0.09566829748156741,0.5374589100424461,-1.0,0.6876731596289254,0.27154428248274637,0.5552464343355262,1.3473003225334022
-0.7812059028410192,-1.0,0.5327932640079802,0.41997931494965013,0.7518357786478842,0.5386532907789492,1.4756579864638026
-1.0,-1.0,-1.0,-1.0,-0.6691720028682826,0.13672501683111454,-4.633889175465976
-0.3494526104890116,-0.5305529660986312,0.6796915840700899,0.9260811840237739,-0.1469596098612076,-1.0,1.4883703129438755
-0.4283150394472479,-1.0,-1.0,-1.0,0.9623107568184046,1.0,-0.7460171260278272
1.0,1.0,0.7572380798272985,0.8744958172100163,1.0,1.0,-5.761682537366992
0.9545915625124064,0.26767394819367074,1.0,0.2333372738177868,-0.8845204621615042,-1.0,5.930339159977234
-0.711566082053768,-1.0,-0.24359381483909315,-0.9940222493850595,0.7870726798057621,1.0,-0.10345834860139919
-0.03580784349099553,-0.4283996176083893,-0.3980060250861317,0.17499608464628988,0.5516521327951001,1.0,3.231101615486566
0.9789055544440086,0.32523739815187414,1.0,1.0,1.0,0.4198450769924449,-6.322781689573815
-0.5530477467378581,-0.6749633937873019,-0.15232519332102257,-0.91539078501285,0.1513904499140816,0.35735427028784406,-0.4649616640369759
-0.7249614941361638,-0.22509976761292294,-0.5093006165944634,-1.0,0.24589198217452768,-1.0,3.579913728851001
0.5214126313949003,0.391264452857494,1.0,0.5791351512364236,0.3235047206687567,1.0,-2.345192694908996
-1.0,-1.0,-0.47889270463498157,-0.7201238988999981,0.0016381864406347368,1.0,-1.8153875636621013
-1.0,-0.7539944017626858,-1.0,-1.0,0.027809890958024885,1.0,1.418446898534663
-0.17235335025028406,-0.15748887447077428,-0.9162704950764831,0.5655122647623547,-1.0,-0.7728627978964031,0.3667863279028251
-0.19027223280471928,-0.9314370767351374,-0.2706351569401093,0.409890965888055,1.0,0.18171288296222743,-0.29222600917841407
0.8583772684232575,-0.11260634760906718,0.5999599324100116,0.0954897124707384,1.0,-0.711459249096124,-1.595104283383499
-0.6095585939888166,-1.0,-0.02075783390906516,-0.45457902482803125,-0.32807975096859776,0.09822232402303177,-1.0257128393587267
-0.325135756560063,-1.0,-0.17073269259530166,-1.0,-0.6319968754280434,-1.0,6.262197222833771
0.6497427264532565,-1.0,1.0,-0.3938871744966327,0.30048375176921405,0.44648356106616016,-0.6001253528159582
-0.739515198604487,-1.0,-0.2629387780145038,-0.02862786379907667,1.0,0.6684300900029226,1.3841057289227177
1.0,0.8473603802488812,-0.5732579094025214,0.03365388669340724,1.0,0.42428821184978904,-1.3763271715853882
0.09260743359406243,-0.014787393458558729,-0.5819714101384399,-0.33011048491923084,-0.32224631885602784,0.569031649847031,2.354199168975451
-1.0,-0.06674341437857745,-0.5653482261152963,-0.4347796013210594,-0.29851106592432597,-1.0,3.0140960301838247
-0.847270447678357,-1.0,0.15438766424114514,-0.8384068995042986,-0.737596875613842,-0.03304418417996663,0.5431445908554025
-0.6733196799573428,1.0,-0.2331296649841899,-0.5806819436865354,0.49742917283658716,0.7860812895089249,4.504909959370943
1.0,0.13981989978571885,0.43614936874551746,-0.7779515527632501,-1.0,-0.41784217713309546,4.743667646915755
1.0,0.8240130790344804,0.13904676108031633,1.0,-0.7981914090210664,1.0,6.837902520348187
-1.0,0.9476715171006076,-0.2667983466857946,-0.16940387341092283,-0.8660535654198223,-0.43418515397430857,-1.8562445922231678
0.7976360408687808,0.23566592785680984,0.04713488568622465,-0.030075617174761593,0.23708599160098653,0.17775032565621784,-0.6237210566507039
1.0,1.0,1.0,-0.38028827425059936,-0.6555824370406749,-0.4106501719129869,0.4636470366394807
0.3695512918913323,-0.01410318812042366,0.1780172946995583,1.0,1.0,-1.0,0.3414526565636447
-0.3374792766558342,1.0,0.8278506955573636,0.36913140067159345,0.3977000518729409,-0.3039176699517532,-1.987473681439393
0.49096281223691496,0.8525346837076733,-0.23859303198303594,1.0,-0.4595421293995515,-0.8244775501539691,4.276554964163809
-1.0,-1.0,-0.7032246492019216,0.1846517685529338,-0.4838741649959153,-0.3565411237330913,-2.821894203060604
-1.0,0.07423243415755548,0.2758603746002576,-0.20516256948663653,-0.34633037014457324,1.0,-0.7299670418241037
-1.0,-0.30319677550183044,-1.0,0.004202019548248892,-0.04191074491646907,-0.5571689265647726,1.1980031382750234
-0.037635551288585645,1.0,0.29179229697296055,-0.09965030506702244,-0.45282983636126106,-0.48116008256578763,-1.4011489950668488
1.0,1.0,0.978489697012166,1.0,0.2079435621638308,1.0,-6.095817244523573
0.7206400839792833,0.5419609457918066,0.7440730970483659,0.5610092588517004,-0.6137761586889652,-0.23858092802649167,1.6214343463030536
1.0,0.7825109372679357,-0.9934489151953918,0.9006361932852056,-0.7084209911554095,-1.0,7.917335518815355
0.0008760027687088057,1.0,1.0,1.0,-0.949480799264609,-0.31109361478678355,-0.33429109822213493
1.0,-0.11590736680762537,0.14942137480084805,-0.49383516842037234,-0.45719254204759957,0.23837462365862583,1.297394247439232
-0.9030879887280996,-0.05181757284450755,1.0,-0.4659076980228485,-0.7865961301331512,-0.6616016826274623,-1.524621066466606
-1.0,-1.0,-1.0,-0.6316099946535629,0.2585534232659288,1.0,1.0165810600423506
-0.12016010615365966,-0.9651470209063252,-0.578185732858049,-1.0,-0.9624138207494042,-0.017829654053832522,4.022709212423985
0.3906894810649591,-0.3327396484653743,-1.0,0.8315326079440912,-1.0,-1.0,3.036919207091756
0.5617234036227208,-0.48961085299338236,0.6851238939884738,0.2765971745074754,-1.0,0.6668317153744017,3.096546630793065
-0.234437676680177,-0.8419608169102488,-1.0,-1.0,0.2980544636609792,0.13057713968472617,-3.7226411768324534
-1.0,-1.0,-1.0,-0.19285508313559174,1.0,0.9256396570940961,2.0477876764271787
0.6838168172158359,1.0,0.12116066265953684,1.0,-1.0,-0.7138236725915835,7.528786851287502
0.830269171073682,0.27354668299447105,0.15902442380723403,1.0,0.37933370030450864,-0.8520458647277854,2.5907567814684613
1.0,1.0,1.0,1.0,-0.24895708040170372,-0.8788800122177022,3.218374234156489
-0.1724643732390974,-0.45155751318859993,-0.15390876255613012,-1.0,0.38157209637897704,-0.7920155886493403,2.799964668942303
0.2344091310386085,-1.0,0.43845690643868085,-0.7454935895196342,0.31443359647923164,1.0,-0.2588614752083893
0.22053324559139145,-0.9984522039482042,-0.17563853942172725,-0.6850157488015884,-0.9646045730405186,-1.0,7.0058071556578385
-0.05185384728018538,0.5349343234464405,-0.7344702238654633,-1.0,-0.30742864292967476,-0.9935861827381347,0.6813655509690195
0.2426462630569223,0.09623088231565707,0.18624962859052668,-0.6340046084010269,-0.47281820785503537,-1.0,4.0854266846412255
-0.6904766701536047,-0.6989396357243429,-0.19583652221299908,0.567339269204218,1.0,0.25502439077484595,2.017422864904254
-0.9014552180825619,-0.11506862523364014,-0.29642346019925414,-0.3793825451583177,1.0,0.07661758977422184,2.5056292624547365
0.5319466892712638,1.0,-0.2577681189571564,1.0,0.6561802760016764,-1.0,0.7693594831269861
0.21182669199013282,-0.32611570807088935,1.0,-0.44460991310946524,-0.1146502399049403,-0.2862696167913909,0.14189587791020086
0.39957299193552215,-0.746811283071294,-0.28471698442936266,-0.9618872735728863,1.0,0.3472413911592458,-0.8290253059568112
0.08317715674470941,-0.17318731958445155,-0.09424900560695815,0.13737871355440834,-0.12011778539433249,0.045788045297838975,-0.2014657987434673
0.3063275554929509,1.0,1.0,1.0,-0.6936457292732313,0.7013354508809839,-2.7570538977325714
-1.0,-1.0,-0.7822985432331306,-0.8804259433319812,-1.0,-1.0,4.607413388009343
0.922776980769353,1.0,-0.10466088659227579,1.0,0.08040659357557878,-0.3898406013092996,0.911483052802402
-1.0,-0.2377306025196415,-1.0,-1.0,-1.0,-0.1572316733927518,-2.223362593588324
1.0,0.2648803447547492,0.6512062116554813,0.10709447328668831,-0.22247265474448102,-0.23476348936106373,0.23854930815995123
-0.39981460967420623,-0.6761114194832006,-1.0,-0.20745140588535588,0.2465120921020688,-0.17468380164977723,-1.2025279768032162
0.46433840166759816,-1.0,0.8908044363632028,-0.23975202986185173,1.0,0.9872926047861732,-1.97359057184919
-0.5517446631016134,-0.22430871409579667,-1.0,0.278061291644757,-0.1064484112496703,-1.0,4.762846983930051
0.11881716793272878,1.0,0.25145130924258896,0.8092124018560494,0.5956366674730923,0.47283107050344775,-0.5757664603357002
1.0,1.0,0.151420986565864,0.7665147842187726,1.0,-0.19518849419633527,-1.498087168941806
1.0,0.2613407884122889,0.705265611016934,1.0,-1.0,-1.0,10.055326186055918
-0.37985119965929526,-0.04694089800582768,0.026441139896744556,-0.5214793179434775,-0.9189181069441994,-1.0,1.6327811186978873
-1.0,-0.5589298151684828,0.2956811116430156,0.6301152964207605,1.0,0.8438123457094415,2.6169127080256005
-1.0,-0.1429897077252542,-1.0,-0.30122020337587596,-0.27604887689169977,-1.0,6.10616620521301
-1.0,-1.0,-1.0,0.09016059591415759,0.3696942264314452,-0.053091347693162094,-4.386571292204577
1.0,0.6106962364166109,0.1887777053256774,1.0,-0.2614068090931492,0.3112767107025006,1.1500409414420794
0.24835359072224825,0.600675035573948,-1.0,-1.0,-0.8001413662717851,-1.0,1.018471296254651
1.0,0.4884440707950757,1.0,1.0,1.0,0.5564100397391768,-6.693819416754943
-1.0,0.4942294831196966,-0.4176513965496468,-0.161811114164936,0.39071631534766627,1.0,4.5862350168254835
0.18426994484617487,0.5897951802698751,0.324301254168456,0.5711600174646452,-0.8061354001971227,-0.23447095088393877,-0.2707880699028504
0.2160669311867599,-0.6014318609250998,-0.06628645709309566,-1.0,-0.08595773092422554,-1.0,4.784106933737583
-0.11376183764472231,-0.685098977932054,-0.11098036353166174,-0.7370642229548159,1.0,-0.38551519857963545,1.1339120017965163
-1.0,-0.4429595691246243,1.0,0.2702361003984767,0.9031430674407901,1.0,-0.9608929420469801
-0.8276210471164708,-0.4679977296801159,-0.19278348759075814,-0.1366085943763296,0.12242747450828698,0.3982240129757733,-0.36318924233036687
-0.07517418320148961,-0.48920298270515095,-1.0,-0.002571867472251743,-0.11355294787676651,0.9025616959206028,3.8907383478622872
1.0,0.7908017390003776,1.0,0.6263475538471,-0.42218075120819964,-1.0,5.053914614979444
-0.9874493751568465,-0.8189927026923769,-1.0,-0.14796692710141546,-0.2898580630158178,-0.6004022450848376,-0.38722707245233334
-0.5909336626256151,-0.2392478649324325,0.8688621519743577,0.7636416446274674,1.0,0.3840257293431575,-1.552494491717398
-0.6839136693354193,-0.1253418084669573,-1.0,-1.0,-0.21229341079390424,-0.46767682521845816,0.44466556451734895
-0.8806450651479135,-0.5693455697840064,-1.0,-0.25263694040998086,0.037810019817060114,1.0,5.979067222264172
0.9834233140135359,-0.3146993337407275,-0.9390430997559895,-0.219585034692525,1.0,0.355788556610659,-3.43689527905891
-0.5923626252501473,-1.0,-1.0,-1.0,-0.6835355004742043,-0.7948539350885699,1.2596490654172203
-1.0,-1.0,-1.0,-1.0,1.0,0.5068387533255654,-6.375783874524052
-0.3152900394044376,0.3005586200202306,0.7039766678107788,-0.408088114610463,0.6497024169972189,-0.2453523928214565,0.021049329412435425
0.37245612730870903,0.566071037597961,0.4705586419453749,0.42457850065124325,-1.0,0.11639321510708545,0.963961316660676
0.7184816600946997,0.7921355370639894,-0.24256066355316558,0.8431008632145163,0.46698540510625164,-0.8611214684599753,1.3017036987539252
-0.04260076720377182,0.5017358964456109,-0.18022609648926669,-0.07099505382202764,0.16300348147234275,0.5499019628366345,1.3863322230641695
1.0,0.4325515002845397,0.5422899715912569,1.0,0.3789934280660814,-0.6738807055739412,0.6861730132181234
0.22082528606794471,1.0,0.8382834448154299,1.0,0.07478290288771994,1.0,-3.510316895859648
0.1327980022696531,-0.2729603955262225,1.0,1.0,1.0,0.04282461820265682,-3.1778732154801155
-1.0,-0.5879103289351402,0.7333132296882467,-1.0,-1.0,-0.2419337122040665,1.3124007045021315
0.4207441805017945,-0.28898717641182936,-0.5044082506585678,0.8340760848026779,0.8947032784081032,0.7357382492142372,1.4370570957719238
1.0,-0.5801744702407416,1.0,1.0,-0.4226670692118106,-1.0,5.944376060944158
0.3364563358444863,0.2766318897264527,0.7661028205240311,1.0,0.46337057107734364,0.9352246843065534,-1.301215391036583
-0.238828898923804,0.8046752571875782,0.04274942402460369,-0.09435446464395758,-1.0,0.03232704970417377,-0.3090464489938658
0.24160000831752942,-0.45977115385828077,-0.23122557620023423,0.2620736808573056,0.848693652531016,1.0,2.701628040540603
1.0,0.09664282452876605,0.14575334967872633,0.6357581412764991,-1.0,-0.10017566959170096,2.932824478980983
1.0,1.0,1.0,1.0,-0.2775786665046799,0.4500071853675897,-1.3814564475906168
0.9817335758394459,1.0,-0.3684677806566723,-0.5987567805350494,-1.0,-0.5030436237269772,5.92111305312675
0.8424570256829269,1.0,1.0,0.30429947307801797,0.8730481161418502,-1.0,-3.4102324132989237
-0.1434501761564389,0.328972009578604,-0.008976886699628678,0.9240111411052484,0.3691952877537848,-1.0,3.670440436433406
1.0,0.8648644703704492,0.1424004800869595,1.0,-0.9315901021900713,0.38485561350487707,4.596043533934339
-0.27333130279335294,0.8421092139510507,0.07576835773868146,0.5871672829228811,-0.3950907870629501,1.0,2.2918459473723063
-0.4944413186895195,0.8090630750908123,1.0,-1.0,-1.0,-0.5468946777190287,-1.9987947880791586
0.7120431072631321,0.6896806789084191,0.96637785134685,1.0,-0.3003060089210936,-1.0,3.939862291978147
0.7859027553579508,1.0,0.6077304419607122,0.306143696960254,-0.809805076110178,-0.5096791086871879,1.3940824083655368
0.07349706675723289,0.20260545368243865,0.6791171863141205,1.0,0.35292353899932494,0.23021117187671503,0.10120202872340078
-1.0,-0.07492335148907225,-0.8562708818169025,-0.07229240637685261,-1.0,-0.5048004664019285,-3.3098831578569183
1.0,0.8815413429385204,0.14704372176810443,0.12023553639905482,-0.27761851416921723,0.27148129787718656,0.4137664531233812
1.0,0.5703285220461106,0.105427612093136,1.0,-0.777888019811176,-1.0,8.474120090800088
0.8506442784382127,0.8753163828362409,0.6017808469435548,1.0,0.49171877698797184,-0.019267307950567636,-2.964975916261654
-0.6592089058219864,0.021337793385637946,-0.18982442872868738,-0.14570143490738013,-0.1989611819110627,0.8518822753270332,1.4943236611776407
-1.0,-1.0,-0.21701150937951352,-0.8183471152114448,-0.6792716213488054,-1.0,3.6093438601153824
-1.0,0.8959066130216318,-0.0510185957341423,-1.0,-0.11986757516618018,-1.0,-0.9423306410976859
-0.1671866019395244,0.518601421788883,0.09679847043574291,-0.4697103073062286,-0.26328284526652046,-1.0,1.6285852240240986
-0.7960536666486882,-0.33735732666178686,-1.0,-0.2870644376180569,0.6964702619817656,1.0,8.068942609915215
1.0,0.5653747700632413,-0.4255277835955403,1.0,0.571691178670074,1.0,-0.2741216306985079
-0.7838448645714394,-0.18355337292948454,-0.7812246739089194,-0.07437794855012872,1.0,0.05631126414185861,0.32731795158084803
1.0,0.1589271921500912,1.0,-0.23433462206130717,-0.20799282996767773,0.7318359854362928,-1.115740909597743
-0.7685389109854195,0.22280532430694003,-1.0,0.5786455760675128,0.42135308031471397,0.25020076665111335,0.8161132843093571
0.7270722971225778,1.0,1.0,0.07371610176485954,1.0,0.6794090334048939,-4.152085110917367
1.0,0.686461999734302,0.7247791837236215,0.7258643494404324,0.43473907759892805,0.11823788066450325,-1.388659247062709
-0.16067139273093045,-0.599741150349937,0.6636729376299759,-0.3560771650897241,-1.0,-1.0,2.888938752655941
-0.5210846300034693,-0.4104265765447881,-0.34432989232737365,-0.8365133626351069,-0.6494215972846127,0.5704737103118253,-0.6380631090445078
0.480910488548893,0.2768353680937239,-1.0,-1.0,0.6522701641533817,-1.0,-0.2733701163255999
-0.3580511865472352,-1.0,0.5743748860945633,0.2148752604006119,-0.835799793421484,-0.23492434305987508,1.298489882800062
0.9120771075111551,0.5286492031309674,0.5814387419143291,0.4998118415962793,-1.0,-0.14655646522736962,3.0658466258301202
-1.0,-0.3382015638435296,0.4137920807315243,-1.0,0.009113559352428302,-0.5457250245644396,1.5405032318488052
0.995926861551637,1.0,-0.5625066722427099,0.9471015231236124,0.7862504318216045,1.0,0.4123209796818841
0.025008688868104832,-0.21056142980035308,1.0,0.47471878494081443,-1.0,0.3316288450339496,-1.281326528401596
0.512876136947314,0.8293075606114335,0.5142372808049483,-0.050850691186685726,-0.3002341480154209,-0.4631920440891959,-0.3525048998803457
-0.9785798503065527,-0.058576106939780104,0.5808774524243673,-0.3890224028321987,-0.36844872415186725,-1.0,1.8965021493404624
1.0,1.0,0.13815683876732865,1.0,-0.4330420579028447,0.37043275509388474,2.2678244162222905
0.9391904355772698,1.0,1.0,0.935541145571523,1.0,1.0,-9.729370465581233
1.0,1.0,1.0,0.2980378570188328,0.831107229221677,1.0,-6.337308926774318
-0.4293616855749365,-0.231247449708615,-0.5156165001300859,-1.0,1.0,0.20300997490124817,2.520950495530135
-0.6918523798017844,-1.0,-0.037080567825328314,-1.0,-0.0369967486615721,-0.45193964320664415,0.7038408945233028
-0.06394491885458586,-0.16038913653219822,0.21417793154748,-0.4274480430036033,0.0984651260628363,-1.0,2.9811696394643987
-1.0,-0.7154162176012542,1.0,0.3400135543937398,-1.0,-0.4671557854968251,-2.1422631230926545
1.0,1.0,-0.6337914230153223,-0.3950704577942738,-0.61342671224549,-1.0,4.462459649259035
-0.7881602663344256,-0.9271373968052377,-1.0,-1.0,-1.0,0.5082650029857229,-1.7156840148100216
-1.0,-1.0,0.5824182851553765,-1.0,1.0,0.42642067090531466,1.3669424766864244
-0.06851678873428746,-0.059811237780452595,-1.0,-1.0,0.391219371184858,0.3536634718239813,-0.9581058320728737
-1.0,-1.0,-1.0,-0.23982382611338035,0.08039692332512893,1.0,2.864575364365993
-0.6572237433189745,-0.10112379628277424,0.327639096255052,-1.0,-0.0072989030930809,-0.8688764147574176,2.7960441526636766
-0.37297765649172776,0.45565114321763983,0.8723480231101566,-1.0,-0.3797714294114196,-1.0,-1.52903509275048
-0.04220109462929433,0.9195327390360987,0.5696621009642884,-0.9939726831357996,-0.3298274215373269,-1.0,-0.21357281032176056
-0.5647814917543632,-0.22861466371372785,-1.0,-0.1482281681763591,-1.0,0.31135459706370544,-2.0614689717878503
1.0,0.8214198597639697,0.6010339660367394,1.0,-0.34421409457859964,-1.0,7.51453654343034
-0.31770483967818475,0.668629759527481,-1.0,-0.9868738170966188,-0.6538630138651889,-1.0,0.8252805167243664
0.6885566737655127,-0.4700093358687754,-0.3779935276227649,-0.3739139332554273,-1.0,0.014482890541561488,2.8680372522318667
-1.0,-1.0,-0.822778223093223,-0.593940398093624,-0.690450190775083,-1.0,2.7729132213137815
-1.0,-1.0,-0.16557755504877625,-0.5241394197282827,-0.6816972051824349,0.47790731610256765,-2.724705056679138
0.6253289512781603,0.6881295300743782,1.0,0.4736764872541078,0.5744461177102694,0.14224576377463582,-1.8519758142673042
1.0,0.4968254858260781,0.6621045425263563,1.0,-0.10413206185941803,-0.09403627610801824,-0.03897495509907306
-0.04463881305912665,-0.1880219931779774,0.6733888983005092,0.055868038728536684,-0.47386782479003764,-1.0,2.3069537638299984
-0.5251186596950976,0.41967511231463434,-0.6735836656571353,-0.5273855357674264,0.24505734386557587,0.7368047786629559,3.3771729734024656
-1.0,-1.0,-0.42718078647423474,0.3229831057916315,-0.2944346757391064,-0.766245712447329,0.7238960285246581
1.0,1.0,0.40925000233978714,1.0,0.10432690965114422,0.8327171119920537,-0.31964715409969924
-1.0,-0.2901488754161886,-1.0,-1.0,-1.0,-0.3858047494752548,-1.3220492159859256
0.6392636729638785,0.5344221610028075,1.0,1.0,-0.509860316899559,-0.005878452597698258,-0.3215221705137162
1.0,0.5720875955624762,0.7014842268624168,0.2854618753794773,-0.2859559033890521,-0.37816394357603544,1.7312672613769369
1.0,1.0,0.11882953872525115,1.0,0.2877641064399683,-0.5405452004096444,2.233458996069775
-0.005517496337977712,1.0,-0.021825379740412182,0.4963323554706188,-0.2367518460861972,-1.0,3.15332398051138
1.0,-0.27324916861374127,-0.12326786701140749,0.5739227890111311,0.4282483790329441,0.2586503766524306,-1.084473368853255
-0.6176713692830873,0.18999702915555078,-0.5529210014206757,-1.0,-0.5817810741356696,-0.16181019741822267,-0.9920962318893025
1.0,1.0,1.0,0.9192366718305891,0.7711897044267078,1.0,-8.456269354167063
0.9001189602941047,0.13038597337060875,1.0,0.42020681712126806,0.2279415356714417,-1.0,2.272425910693088
-0.2732550031209458,-0.3716882919432397,0.7403104112266412,0.7526912871712662,-0.7336264033624229,-1.0,1.8161450082843362
-0.9360723942698529,0.2943193646208944,-1.0,-0.7131804738089449,1.0,1.0,10.298008604950569
0.6279980897209964,1.0,0.5872950804639946,1.0,-0.8736585126722385,0.6100389427352298,2.1579158507940113
-1.0,-1.0,-0.05988326641475128,-0.8805134553204155,0.824221232209649,1.0,0.11276922057041561
-0.2160217197302106,-1.0,-0.9579793219447775,-1.0,-0.7117326622263668,0.8306223058075466,1.3706346949706525
-1.0,-1.0,-1.0,-0.15439921119100397,-0.19541905456950892,-0.08477662104716499,-3.9543383780851005
0.03729869201339897,-1.0,-1.0,-1.0,0.30201990482160684,1.0,-1.9138940806722538
0.7287762876079465,-0.31044750023309675,0.8236632024689378,-1.0,0.30251672400341817,0.5977867439381485,-3.9113241240615775
-0.8161109875460407,-1.0,-1.0,0.758462794791538,1.0,0.7695356272413,0.01402618655546431
-0.9426178971775959,-0.19013821979060297,-1.0,0.2329934491335815,-0.0775744540930117,0.33177395539340077,-0.21545804720250258
0.43389929961203394,-1.0,-0.5292165624672773,-1.0,-1.0,-0.42460166584192804,6.9098147832056815
-0.060964235828765645,0.3497626237589888,-0.1446231775466099,1.0,1.0,1.0,5.79342829333785
0.2747115570321025,-0.6060330455407505,-0.9922901232316428,-1.0,0.8632800865160235,0.6479149715243294,-2.2699248394636
0.6231360877317289,0.4822001162127669,-0.09536154510858642,0.9004497799239807,-0.9914498463970907,-0.12563243719099998,3.3746161405914687
1.0,0.1965912638928453,0.4038016274337151,1.0,0.39612624900739046,-1.0,2.2008593586995273
-0.8709471187590128,-0.560673127793905,0.0007206190635075105,0.140243899278289,-0.11151902900854782,-0.860474587345308,2.31075645914713
0.37116402772443724,-0.297393045885301,-0.36099539737154923,-0.6051413327243041,-0.2836099824829661,0.07453687403000431,0.24385124160459423
-0.38657830030587315,-1.0,-1.0,-1.0,1.0,0.40096200970577356,-4.224122561924492
-0.7146602194093126,0.29573966799901874,-0.13726384000688308,-1.0,0.9313949683185467,0.22480097225429718,3.936690513917807
-0.2158447005703883,-0.21886343412039266,-0.6295193867800357,-0.24832390196268056,0.612419313564063,-0.5742130350616099,0.45312093849137147
0.030971332859331957,-0.40440954403173174,-0.2416991973262732,0.3655929659171565,-1.0,0.15981769441076432,0.29744085145670884
1.0,0.3851525797357003,0.4085379296168421,1.0,-0.30795058682054177,-0.0889639130097414,1.2733282623006308
-0.21868129183865093,1.0,1.0,1.0,-1.0,-1.0,0.7304678222823021
1.0,0.4518897453520515,1.0,1.0,-0.23976984675313517,-0.4322525973520733,2.025488447856411
0.30626645325681934,0.1437870734336038,-0.38319048193086114,0.33490845781574347,-0.7104892582150624,0.47465294131592173,1.8955234899495412
-1.0,-0.46856576964418745,-0.5859193037617628,-0.9472704044148677,0.771710784487869,0.6508126128504955,1.5512409420932185
0.24947422279130715,0.868134617945824,0.7302184069342792,1.0,-0.5462430104228098,-0.5765726637956233,1.5046113710720361
0.7265316346334877,0.7943588994849143,0.08028384714721609,0.9227240321654063,-0.8435570034813952,0.44831251846212605,3.3248388697801916
-0.29201797226411363,-1.0,-0.20006826184445264,-0.44993637598900277,-1.0,-1.0,3.936021155310525
0.44289680388317976,-0.6180456763015432,-1.0,-0.6907493282372111,-0.20859133086300985,0.09034366474871147,-0.5080241701975083
0.3377719186182239,0.5285249207170262,0.6504066333887526,0.7573154450743131,0.014762332409748224,0.12887744851925953,-0.906463920081982
0.49460395261230605,1.0,0.23582340683444586,1.0,-1.0,-1.0,6.835223573068312
0.6638398744187304,1.0,0.7729261015348946,1.0,0.8195059881862538,0.22399355299957763,-5.727066130907197
0.7026503903628789,0.045284672037295914,-0.9755990122147189,-0.0948875382035016,1.0,1.0,2.3430077998579106
-0.15023143715651438,-0.2083770430772437,0.9437174816196655,0.12970991186546516,1.0,1.0,-0.7955017824995223
-0.3226256933052072,-0.21389721667537875,-0.29245744512166394,-0.5384722198678109,-0.019348308407372672,-1.0,4.334118801741945
1.0,0.4487151899400077,1.0,1.0,0.13873219709128148,0.001351322124420351,-1.6950006645506395
0.12970466995962998,-0.40021300126585535,-0.5336605819282134,1.0,0.38780974132903073,-1.0,1.5922672923359564
0.8446006600758156,1.0,0.02197186028591047,0.9254249624999551,-0.16621984755995903,-0.2893149557611337,2.783572077171795
0.6271864875995694,0.5600330600445029,0.19428781898640088,-0.48644829348254504,-1.0,-0.9215689514721315,3.6365615700147695
-0.6716058937524125,-0.6516535924214796,-0.6713256841596564,0.6531894414121753,-1.0,-0.9047716246957198,-1.4167404276891618
0.8500421022490261,0.648571627244576,0.9935301685056259,0.5267581858117566,-1.0,-1.0,5.022803205669199
-1.0,-0.9637294689127434,-0.34086947939871415,-1.0,0.6037902048421575,0.36614679161513053,-1.522526681432323
0.11865222062189562,0.8683147037554011,0.1741391080019059,1.0,-0.03656518360412159,-1.0,3.2436191812948025
1.0,-1.0,1.0,-0.9135911472787843,-0.1397100331746672,1.0,-0.8062402555899567
0.6442593475143682,1.0,0.10067179928495873,-0.3178296591757052,-0.8898675819602091,-1.0,3.920935989870974
0.3592471114819027,-0.07417458372453789,0.13177693475628316,0.9617036675627911,0.7406271524440481,0.02711654139787814,0.27182072881223746
0.6979235770210728,1.0,1.0,1.0,0.20049814259926427,-0.3003390737286134,-3.9985290799948014
0.6573935151586655,-0.09016822691752192,0.7572948160247462,-0.6404151944636698,1.0,1.0,-1.72966819011715
-0.3062873652953453,-0.6062872012605498,0.0843366499161875,-0.3947395149359812,0.12591578408742976,0.3723165676436502,0.5753130852315851
-0.9442636578941402,-0.6780180976795265,-0.9897515381528237,-0.21299409284414206,-0.34426582000914796,-0.49531673471955395,-1.325038967894003
-0.1729558548103578,0.47841849936281655,-0.4379413439086772,-0.10709212898301429,-0.15651506334111814,-1.0,1.696147180020288
-0.741530998575487,-0.5997029410395682,-0.3992058833701671,-0.8923203303009153,-0.24522281882899388,-1.0,3.4204475417526905
1.0,0.9611961485376705,0.5815024746551163,1.0,1.0,0.6730509614455282,-5.163679301824071
1.0,0.8623643970193734,1.0,1.0,-1.0,0.7389657439665059,2.9505702805985665
0.11997432212530157,0.6193072707742568,1.0,1.0,-1.0,-0.7920236982768105,1.8373427990898143
-0.8989393627002451,-0.3716111667795047,-0.8195795776188084,0.7362885373168139,-0.46034399952925215,0.25912016460032505,-1.885996350703534
-0.44562985465431837,1.0,0.16048140521904078,0.3464605984026207,0.7980284352914941,0.6457835023437524,2.126419361198384
-1.0,-1.0,-0.5287441890235888,-0.6663381351200595,-1.0,-0.6021086960013906,0.6614022416476775
0.26394218800690994,0.15427738157834248,0.2654355245519515,1.0,0.5917931153777554,-0.5638646093203544,0.6749450767948557
-0.33483932663601157,0.5072762221553515,-0.3695731970862086,-0.669628463745112,-0.7565923723672983,1.0,6.423242206652962
0.35871296158903154,0.2135111380570388,0.7319983226439453,0.12071385109894955,0.4656087303549541,1.0,0.6498040085500505
-0.32199633946141937,-1.0,-0.5962598785075024,-1.0,-0.11171981090720673,0.2954393869487131,-2.049114721769656
-0.7744392521871493,-0.3839270201974596,-1.0,0.2159833537281709,0.43876263648180347,0.0031456515537110485,-1.4318576212341134
-0.5091055521826591,-1.0,-1.0,-1.0,-0.7112630464617299,0.37780452771823336,-2.770100549682255
-0.4777041621817608,-0.5743596904679203,0.523432129985837,0.4813432595476968,-1.0,0.42641993468914113,-0.6008436800868406
0.5472533238174824,-1.0,1.0,0.5132152771897343,-1.0,-0.8930383061934656,8.02153655758468
-0.37474501851361164,-1.0,-0.14453576702742144,-1.0,0.1974824461268767,-0.9319415664757582,4.386817248410571
-1.0,-0.5862010012505614,-1.0,-0.5550974216499249,0.06749341512085705,0.8297764263588492,1.4222762297168212
-0.667757941220203,-0.7310419334378524,-0.3154061264565656,-1.0,1.0,0.34495663571021395,1.3980176840253187
-0.057731653732083,-1.0,-0.4477176641465954,-0.09488038363518958,-0.9233919936106901,-0.16646724644828126,-0.007516500168892909
1.0,0.4215250387135441,1.0,1.0,1.0,1.0,-6.9611040874171985
0.05269421883762937,-0.2567270715272112,0.871805279722247,0.46899876877078994,1.0,0.4593799689380007,-0.6662976278175219
-0.06544719470634092,0.41335087114723057,-0.14739357315849386,1.0,-1.0,-1.0,3.2442269729646247
-0.8899612055595005,0.20875949541996808,-0.7756799500404163,-1.0,-0.313777581959672,0.5976420263554667,0.12333195098973215
-1.0,-1.0,-0.4472065528525444,-1.0,0.9759300584337169,1.0,0.5567991199910729
1.0,0.12696883573791085,0.5663061644661938,-0.246459683586443,1.0,1.0,-1.6354772379791966
-0.31860747991272104,0.0734153477506933,-0.9959710116583702,0.8243084089573398,0.8455972345627433,1.0,8.170009856013575
0.2064781201625896,1.0,0.5654432095810911,1.0,-0.9897749222333,0.23726864700772066,1.0302133626229457
0.5956359799336374,-0.5330134558604491,1.0,1.0,0.040336920141022914,0.2651617875414678,-0.38325338928766706
-0.8384365880134872,0.6851989153225484,-0.4259605376635484,0.5867113151366123,1.0,0.9167588937828485,7.0603834463152975
-0.8403525932258337,0.15321008634843358,0.00024683668356462185,0.5877045842011035,-1.0,-0.6711366862804476,-1.2338333139434998
-1.0,-0.2972422910357113,0.18526380897304162,0.8547132935356887,-0.5879175075923795,-1.0,0.6937922090229146
-0.3838797126025437,-0.008849222267511059,0.06660212845515476,0.7568016063470386,-0.5271914992935605,-0.37724625636645287,-0.5007342083080673
-0.3496749919988711,-0.618277801107719,0.08343849936825798,0.9237380399506854,0.46454366791210455,0.9309879354834426,2.923846485764871
-0.20894408797269065,-1.0,0.48625623412553903,1.0,0.6187886839094283,-0.4358324734533495,0.23699434819338616
0.3710288019616343,-1.0,-1.0,1.0,0.7844402723224485,-0.7707044456245744,-5.529697110630583
0.009224790976871233,0.6672947961922373,1.0,1.0,0.6395467048382585,0.9032969943259034,-4.8695664392779054
-0.3439563623367632,1.0,0.32723162119720217,1.0,-0.7335179263376843,-0.3670863653253257,0.279256994759446
1.0,1.0,-0.5053582355231497,0.09560030327437608,0.48326649181162495,0.5409295456214078,0.798142248633433
-1.0,0.43082773278316244,-0.04065083713738449,-0.1551765677573525,0.16861083596373777,-0.11834267476167826,1.0056439729734346
-0.7695567545434177,0.4491023088930178,0.8941579112750044,1.0,0.9559716817977635,0.8273994252106384,-0.9733478331486645
-0.49585503252870733,0.34688256801601325,-1.0,0.39501733175590936,1.0,1.0,10.278152940886057
1.0,0.23469894490688814,0.11754222132349623,0.42029358519245585,0.42401592525497567,0.20488094959874403,-0.8867435313575309
0.3706361331749135,0.008038444176919401,0.0469518574340958,0.6395841591364988,0.6692528566569889,0.06822787335134423,0.35904617291847574
1.0,-0.0063559285062071424,0.6052691592353392,-0.17196470034741068,0.5599725558975668,-1.0,3.3631404411993584
1.0,-0.07468656976152493,-1.0,1.0,1.0,0.7988013794191942,-2.7137858632052447
1.0,1.0,0.20566461439281758,1.0,-0.3328686656792955,-0.07473208492913685,3.185918907555891
-0.9561268557235741,-0.07089454216376084,0.7154942205398258,-0.009600864473606446,-0.1079580083635463,-0.9378163957605479,2.8346550960266184
1.0,0.7341930319549139,0.6643399243202652,0.5147530379702994,0.04433864208058269,-0.39952732993175477,1.1860412979760457
0.9153882258195607,0.5366837989323421,0.17680415956121576,0.15565892004831083,1.0,0.5659872872217193,-1.4138815341768316
0.39652377025407937,0.004875943413443051,-1.0,-0.2254918322703784,0.4486854029162453,0.8104894945792323,2.2078186117560765
-0.8095105167181775,-0.6023845966099493,-0.1337350044836827,-0.31678009507985183,-0.5395240100928413,-0.30243291556522,-0.6179319171235778
1.0,1.0,1.0,1.0,0.7683211505976979,1.0,-9.349639186880948
-0.6212284129671433,0.44544333766702343,-0.9743529364199339,-1.0,0.12527518923730357,-1.0,2.1240559599357107
1.0,0.28362293113838133,-0.11623482853730405,0.5795274315946287,-0.41353991963740366,-1.0,5.722461879935899
1.0,0.4436434190524261,-0.14909742075041876,1.0,-0.9891461568427422,-1.0,9.094227816449505
0.5763758204640701,1.0,0.48219162834815155,0.7082793624565376,1.0,-0.19775863380192815,-3.2071606860793667
-0.39789567732420456,0.2612822405811327,-0.4684796221272891,-1.0,0.12017349519174725,-0.6874183956889318,0.49300176734652046
-0.25352183216355056,-0.8341573611839397,1.0,-0.7202390854265375,-1.0,-0.8308764720439672,4.055181439520647
0.2659778784349123,0.7837146502847008,1.0,-0.07627481633449873,-1.0,-0.3150971922368099,-1.622542413520553
-0.12482882907886639,-0.5149958926056801,1.0,0.20376334952459577,0.35944180987605007,0.22275991215219024,0.22871938048438134
-1.0,-0.09979729110380808,-0.276030259574075,-0.27802007093755615,0.8719787159960393,0.7470601522322962,4.633140451608772
-0.40336329247656066,0.9618151997252645,0.7266671347653538,0.01763140789380302,-0.807105801068115,-1.0,-1.6420203103858366
-1.0,-1.0,0.5666491292761183,0.7785805229365328,1.0,1.0,3.491323501551448
1.0,0.6218576625027237,-0.8743121014561697,1.0,0.7259901140904166,-0.27148584817845206,-3.0514959636847614
-0.6224072501088687,-1.0,-1.0,-0.06934155522872809,-0.5579045366859544,-1.0,1.0675281392740983
0.41867804208991316,-0.219478289936007,0.8021658474855571,-0.8114915703781211,0.05839311551958326,-1.0,2.8700982157423907
0.17866456353667765,-0.7000053256788139,1.0,0.22351720628666788,1.0,0.6568852559902549,-2.3611611067079745
-1.0,-0.4971622170871626,-0.9153587541439965,-0.288380826837503,1.0,-0.24115703451466436,-0.9058662574808771
-0.10114856900151609,0.6033079593952779,0.6258717404959675,-0.02758085062119755,-0.01447618822589386,0.6848399155032296,0.398297019252271
0.19098436349221268,-0.7000048353831175,1.0,0.4770020390338119,-0.7431192793336157,0.10043030172703815,1.3021649047798531
-0.592308189787425,0.2914518830758247,0.8203085519142405,-1.0,-0.5964917106738439,-1.0,-0.7529094122342328
1.0,0.20527629921091278,0.769089187685141,0.8514518465112244,0.5291057676651568,0.9146467987268967,-2.6791672578157426
0.4837523857334868,-1.0,-0.43579916453690637,-0.4007281496409586,-0.01634723753558487,-0.35998536820055504,0.18051682655223583
0.4869837790461151,-0.08513867047052162,-0.8239997399096595,0.9392075145712582,0.22985114309176247,1.0,3.813436174317823
1.0,0.891017865768856,-0.06285291363200335,0.4541566136508566,-0.6327981188211311,-1.0,7.096619092678762
1.0,1.0,0.15245525229810322,0.5468191753926209,0.3256569650956255,0.28171436117593585,-0.7503577689988119
1.0,0.13014277115510398,1.0,0.9089709365184564,-0.6211071296440706,-1.0,6.726570357670208
0.05746275288496416,-1.0,-0.97419905301342,0.07709479279933973,0.2823183355670006,-0.054159320896274774,-1.8382156217597347
-0.5972072269947795,-0.966081306137861,1.0,0.6892528195878056,0.1549941160936772,1.0,0.5376497796709212
-0.19614923821076746,0.5639922458008595,1.0,1.0,1.0,1.0,-1.8183922120385172
1.0,1.0,1.0,0.25541455559098425,0.3823922795485137,1.0,-5.137898008234498
-0.3212885596527423,0.3436549399560296,0.5782517316349809,-0.17072482171316622,1.0,1.0,3.582780501880843
-1.0,-0.8806546165110156,-1.0,-1.0,-1.0,0.16461675695710953,-3.643876539371397
-0.09602122488745363,-0.057464924968073997,-0.5008476772200804,0.21330273432840144,0.5459234343939712,-1.0,2.323841902532104
-1.0,-1.0,-0.39018851111898756,-1.0,-0.4190345184498874,-0.18511993551428232,-1.6642067725687348
1.0,1.0,0.6738514013945482,1.0,1.0,-0.6298561287103401,-2.8941844513721033
-0.12608029143325367,1.0,0.5898685378619498,0.7528724089006553,-1.0,1.0,0.24867810053485273
-0.8198675239920501,-0.026219260395016986,0.7868305269324425,0.1872946204850818,0.6056508135530502,0.514973740647592,-0.2948304688834604
-1.0,-0.9948009756747453,-0.3521495154601777,-0.37447537693031835,0.021279359258526698,-0.4071283469564133,0.07709831705314173
0.9943777501628073,-1.0,-0.9842902911188312,0.6663764829760658,1.0,1.0,-1.5198504474251686
-0.3814637171419839,-0.5789484796790039,-1.0,-0.9543677218540452,-0.2845448701353885,-0.01687832785157002,-2.199037238810125
-0.0185610406675214,-0.9765230750675626,1.0,1.0,-0.9928809166021473,-1.0,3.369186423609694
-0.5997604112137124,-1.0,-0.40227273254816326,-1.0,1.0,-0.3163968349523639,1.47789741357401
-0.5200636843465929,1.0,-1.0,1.0,-0.022317239693121105,0.7071548961910974,4.201526291154674
-0.8817698364844702,-1.0,1.0,-1.0,-0.32847660194502676,0.9580527650560385,-4.899303739316683
1.0,0.25835163269028116,-0.24860966151059427,0.019499462668713385,0.4929263173423494,1.0,1.1738043146516564
-1.0,1.0,0.781939826815852,0.4059541789684864,0.5571014555232312,0.661963358730084,-2.5836719027460773
0.4915837740319714,-0.9871053485470154,-1.0,-1.0,-1.0,-0.9826546460005428,9.243058211443863
0.22449141918852455,1.0,1.0,1.0,0.39855934368189094,-0.25804845335024407,-4.385419884974919
-1.0,-0.5456641430334943,0.9188673173396582,-0.445160898660668,-0.22961448753969763,-0.4694514593196719,1.0476607002181844
1.0,1.0,0.3616689035019356,1.0,-0.33698572701857477,0.04046908510395575,1.9315110603162744
-0.029344809189037258,-0.20895119291653796,0.2599422922562487,0.33257537664369896,0.7096267371030854,-0.3294456299519436,0.3319688919404901
0.40383921628942476,1.0,0.16248340655888738,1.0,-1.0,-0.8887062232723846,7.267576998942153
-0.2128646905433716,-0.4359489647298216,-1.0,0.9110794637297852,-0.12695494629816034,0.9014606210836511,3.7426102207507346
0.5847180798541922,-1.0,-0.294064784270297,-0.43105486560027717,0.18337242623893796,0.7537687160329098,-0.16447342696937195
1.0,0.37716565118342715,0.7115025975544991,1.0,1.0,1.0,-2.815974110844511
-0.17167946792874011,-1.0,-0.4113486376366666,-1.0,0.7249401760178392,0.27877010320038154,-2.223020907390504
-0.8283918473024681,-0.7040827677208097,0.676393968120591,-1.0,-0.7763332566000718,-0.7835401754473539,3.265140028055933
-1.0,-1.0,-0.5279786539847079,-1.0,-1.0,-0.7117092715337326,3.59276543191923
1.0,-0.9983602563812569,1.0,-0.6695954053140281,1.0,0.13011786456060564,-2.5946678569152244
-0.40110128087744923,0.8950233326040892,1.0,-1.0,-0.658110513951871,0.3715838803076187,-2.6730809057349734
-0.09842894834855476,0.8061195079926254,-0.24652592568201037,0.804954798897817,0.001073210979297426,-0.14220420510296478,0.11509582964287542
-0.5602333475658358,-0.09363697209452576,-1.0,0.3852653206704832,1.0,0.5045580143444468,1.23854626134895
1.0,-0.002648008882477182,-0.6580778167999846,0.8334506045222754,-0.426639845570052,1.0,4.047720232303164
-0.22578156304810548,-0.9755145424976258,0.3427786587031614,-0.33237710312770896,-0.7557706026181822,-0.4016903434354089,2.9319461825944746
0.9399186449250099,0.7502142902454263,1.0,0.20118706382950466,-0.5573481463235135,1.0,-0.30128147164476193
-1.0,-1.0,-0.5312660217307064,-1.0,1.0,-0.4198156805525214,1.6131911237572507
0.04227513236992805,1.0,-1.0,-0.38588330712386,1.0,-0.3086780988092922,2.250212164776508
-0.6406947063402966,0.6513813467249442,0.5553285726943366,-1.0,1.0,-0.3202594274758212,2.6454507863924053
0.0778612232287958,0.5955840969619066,-0.6328034232454027,0.6568371240598224,-1.0,0.9190037902719225,4.862750672090343
0.034157568278709916,0.032503939652119784,0.6853585584523931,1.0,-0.35816627645094157,0.4477641359811367,-0.4361432417861547
-0.13066616779480333,-0.49841540331859924,-0.13845621501497818,-0.7974679536551137,-0.09247358674919023,-1.0,3.509905212354898
0.936403675183492,0.993012949657947,0.469497939900029,0.5479813290176563,0.7903191786004808,1.0,-1.8530474311946707
0.3784492300650353,1.0,1.0,1.0,0.3581796582170492,0.40837507132650674,-6.325537296310999
-0.9538706247800839,-0.7950675076075657,0.559895478328322,-1.0,0.18479042309388216,-0.9816912088661771,4.956523345011131
0.28176878732450295,0.5737195871098733,0.18954900009385822,0.5600831227404992,-0.6766374130900048,-1.0,3.9627371889551704
0.5561090794755067,-0.330998092407583,1.0,1.0,-1.0,0.23040588421715547,1.2402726561705393
-1.0,-1.0,-0.7654199089144572,-0.9420845889210088,-1.0,0.786893208278229,-1.481648092723462
0.1452416110781083,-0.10331079155749961,0.00698363963764842,-0.746788885198457,-0.6239959462849372,0.6838919593019589,2.771005094944891
1.0,0.2652082973458885,1.0,1.0,0.06625895818332816,1.0,-3.7839035506869125
1.0,1.0,0.7577161257795932,-0.8200441288470299,1.0,1.0,0.03204200163436255
-0.361176985621104,-1.0,-0.9235049527568984,-0.7511514286193401,-0.365313700807286,0.03801266286850402,-3.2750515604715247
-1.0,-1.0,0.14151186502365343,-0.5962009675142363,0.08225080086319836,0.4579847899453018,-1.5312608764382185
-0.017867421356463686,0.5838248965436106,0.028415097860083893,0.8541211459301642,0.7227090254995634,0.6273306261560856,0.9821988777076568
0.9112778742439865,-0.6129838144704343,-0.5601478656283396,0.3915454719370459,0.18039925307224325,0.9093502598237466,1.303175133429209
-0.8330353739695084,0.28873928968932655,-0.7220975894710543,0.6453168739009927,0.29383958000547095,1.0,6.231332470112362
0.90885650627364,0.043205059443031435,0.42338937293040513,1.0,-0.9928261782459382,-0.14896347561515494,3.6132897713037306
0.390770984632254,1.0,0.014146634910937844,1.0,-0.35552114390407574,-1.0,5.463333921095883
-1.0,-1.0,-0.2145710331921642,-0.6016713694551514,0.08491958452032544,-0.36638667950051507,0.019312877253054972
-0.6944955527425893,-1.0,-0.9174543406567721,-1.0,0.37575049626589424,0.05983334156380948,-5.755600487348733
0.28037478046530584,0.6848117306459637,1.0,0.7450857403133802,-0.5632473013341762,-1.0,2.0231526059468745
1.0,1.0,0.7357742951289823,1.0,-0.6842815169749304,0.6697126659070137,1.2685302394324482
0.29860650831129565,-1.0,-0.6323311706585688,0.7969818200074895,1.0,0.9596145218783458,2.1776003239343433
1.0,1.0,-1.0,0.11376075462226597,-0.57709724649965,-0.7713712215978339,4.805441509912122
1.0,0.9129155686611681,0.9088073281161373,0.45069821732091847,1.0,0.8209001252767474,-6.153906911064467
-0.9371000684883894,-1.0,-0.24460342033846666,0.16409408971749445,0.2903704894022823,-0.363699484264689,1.3242319878361326
-0.21484168154109762,-1.0,-0.9984916773923813,-0.10221009862468988,0.23048306212171088,1.0,3.2800370155546106
-0.4808844556215261,0.5588200506830836,1.0,-0.16452789435284124,0.461885677342904,-0.5295702968998026,-0.39852382515874335
1.0,0.8469179303674792,1.0,1.0,0.003446383129023206,0.5456570234702713,-3.60145818116741
0.9279190173110643,0.3782414281208981,1.0,1.0,0.5923807481659679,0.47473859070036284,-4.416918210167617
0.3528627843763077,1.0,0.5091637933708466,1.0,0.17865762992066353,1.0,-0.6993619482370981
1.0,1.0,-0.0028663781241421438,0.3047329208182602,1.0,0.8846253134856648,0.141723295719701
0.4136102433376752,-0.259539005831327,0.14998889533623705,1.0,1.0,0.20061584142255146,-0.009096947888626805
-0.3194229693026638,0.004807354009144782,1.0,0.4504667433730161,0.5250981820338796,0.5409810732410314,-1.6092613810609209
1.0,0.0568275802030934,0.7634836873136395,0.285470716810463,-0.7324994516109282,1.0,4.293722633273669
0.14460248523356012,1.0,0.1466404089475828,1.0,0.5280376989424141,-1.0,1.4938128287316856
-1.0,-1.0,-0.9152668190013207,-1.0,0.8410894724725388,0.635926165621429,-4.5566296706671725
-0.26248882605361024,0.16229087819228327,-1.0,-1.0,0.19455440444785432,1.0,7.3067400719539926
1.0,-0.13225195319636815,0.5456767597306643,0.14465647153619304,1.0,0.5229243500735804,-4.444519105237036
-0.041524918738974986,-1.0,-0.07775257221775828,-1.0,0.8343537797259714,0.5367120502607159,-2.7526962485092756
1.0,0.19563217833487623,1.0,1.0,0.4776060727164773,0.5881992446042339,-4.428301324125051
0.20317767613501148,1.0,1.0,1.0,-0.5236132065029945,0.759826343920154,-4.188919237685029
0.7899569922912233,0.2833258855260712,0.1559961304943167,1.0,0.6547708926939104,-1.0,2.874449914315524
-1.0,-0.05146729297483277,0.5959932870121495,1.0,-1.0,-0.3450275588532458,-0.8924825321163452
-1.0,-1.0,0.014450981162548171,-1.0,-0.15334155686766093,-0.4307278018045866,0.5796533453804473
0.3231874705657365,-0.03715661161659328,-0.7204637818245687,-0.01117140210507682,-0.13485336621030242,-1.0,2.2874477194817615
1.0,1.0,0.3140624087006876,1.0,-0.08977863585253987,-1.0,6.073899355647322
-1.0,-1.0,-0.056407004751330356,-0.27261223905681375,-1.0,-1.0,1.4479732760550144
-1.0,-0.029930730316338305,-0.8035920534053365,-1.0,1.0,0.11074387831920757,1.4630905045241978
-0.440440610847567,-0.10324271817467823,-0.45893970059584177,-1.0,-0.5065595412815206,-0.7437463857603073,0.5232771689677913
0.2411734976006873,0.7106878628477862,0.615662440455816,0.20223087430221942,0.09942440424747913,-0.9187505912356898,1.6557497482323158
-0.36761398713320526,-0.6035222960762353,-0.6185740697041903,-0.0610501596598885,-0.7249945957478858,-1.0,1.5488614254366875
1.0,1.0,1.0,1.0,0.9762361412822045,0.3600199844060838,-9.226147530898878
-1.0,-1.0,-0.5418065631767436,-1.0,-0.43844219563766273,-0.7867967957527995,0.6773291297371837
-0.7113422204820795,-1.0,0.19830397946775402,-0.9112866989390815,-0.4005197426209717,-0.44817614270956024,2.6168642770325103
0.1964705890648456,-1.0,0.5094296004511498,-1.0,-0.4685461821667857,0.32298513948618957,2.1809312763015627
0.6502628818846629,-0.7501758590267,0.16524390669483924,-0.779515718135043,-0.2883967500556527,-0.040031231404081824,1.2608785765943034
-1.0,-1.0,0.2434384427559524,-1.0,0.7413452102099165,-0.8917925465054249,7.432997750980599
0.9171889772348212,-0.7121579385612519,0.3233883936559636,0.6321067359442829,1.0,0.36710262286294265,-2.8760614150566677
0.8184021095040235,0.4387572395524822,-0.6108771704882769,1.0,1.0,0.28384182012134196,-2.0151484408613625
-1.0,-1.0,0.6134593182355204,-0.08948939287575142,0.8802450847213579,0.40618763683604514,1.8593688668134196
0.6673544794214203,0.2446149334150336,0.7925903878529688,0.3500044151006916,-0.014006417711704744,-0.2835761476995282,1.2486506298777558
1.0,-0.12402103986590296,0.775803728016532,0.19859107732442027,-0.0783596793549799,-0.1833621104497214,1.3543566757163132
-1.0,-1.0,-1.0,-1.0,-1.0,-1.0,4.371570055838645
-1.0,0.8366310442353118,-0.22492207447927962,1.0,-1.0,0.43018777094194083,-1.8323306493390428
-0.5852936697001552,-1.0,-1.0,-0.0977061308378071,0.3784378918936623,0.32378285818571145,-3.0911751679367994
-1.0,0.4458504169783082,0.3277631073307624,0.5886775247586998,-1.0,-1.0,0.4013981181509757
0.9668872553237902,0.5197662844054474,-0.9499416391242286,-0.6079989221432913,-0.4202614767503374,-0.6498798183744627,1.353367178993612
0.11260698813212172,1.0,-0.6166832749854199,-0.2734503103032043,0.3883246456840528,1.0,8.358365414243124
-1.0,-1.0,-0.9168786164324678,0.020249430975797345,-0.5870404886847027,-0.2850596265445289,-4.902515647223103
-0.3223876732767609,-0.4998834792056104,0.5957258547845818,-1.0,-0.7592975105625992,-1.0,3.856144146391358
1.0,0.2930787869945699,1.0,0.0676572846745287,-0.26031037778222366,-0.21482168440319252,3.254924147573
0.9717719850739561,0.3243471737438611,1.0,-0.7698664631686662,0.5316649201360337,-0.6287835902606328,-1.1205967837994333
-0.09371970068585503,1.0,0.1319369574622487,-0.6551962427452183,1.0,0.6756004700318707,4.348306373008614
0.18787778506222685,0.7833821596725552,-0.8900344227085103,1.0,0.3655723733783845,1.0,4.016243081698119
-1.0,-1.0,-1.0,-1.0,0.430338454019189,0.22601917208415578,-8.045013423282402
-0.029542373219042295,1.0,-0.11860098040250588,0.5528221038251773,-0.01917312779560676,0.4360800577526659,0.05346383965413193
0.0025020837470824953,0.8119485785156255,0.5806157958730802,-0.39644947771786876,-0.6730635388982786,0.588235324769719,0.909382635812771
1.0,0.21392757236528598,0.6606980399954978,0.7136506911841617,-1.0,-0.3748834295457701,4.0816035075089125
-1.0,0.4319501812940397,-0.7096593562910284,0.3165934883924327,0.3418251187311299,1.0,6.0871801631789175
0.10941058218751998,0.2674424314809316,1.0,0.07819605867608126,-1.0,-1.0,0.72991957078236
0.07003285033167964,0.7019779796985954,-0.82468944157663,-0.65790279242328,0.19595117197132614,0.7642754049835313,3.8868624283212196
0.6619024096779732,0.31838918201423905,0.39718118678593844,0.037092927755256376,-0.7623751478488978,-1.0,4.946604934344585
0.17123227681173658,-1.0,-1.0,-0.29574632016914637,-0.015630182528944325,-1.0,1.8121438896310376
0.021518575380886862,1.0,0.8722261390470334,1.0,-0.07780795859117084,0.1409121636373385,-3.5632443664649833
0.26457779856574426,-0.14746354557788743,-0.3762267238036291,-0.3000895689979616,1.0,-0.9665649939409087,0.8186458531220776
0.9043935705662829,0.5545880877373983,0.430837792193137,1.0,-0.1413990438465148,-0.16915208873063559,-0.0016794519911316197
-0.5373499588660107,-0.03046925824509117,-0.06297283421626876,-0.000751580044160427,0.0737863201898521,-0.4240126091255711,1.279161412832277
0.6961215995832227,0.9600065331383804,0.5501986155065511,1.0,-0.5629738115345517,-1.0,6.165946297696807
-1.0,-1.0,-0.3975310169764048,-1.0,-0.41853039159723404,-1.0,3.4309651339085896
-0.34028742377547294,0.04375634079817192,0.9694739246625034,0.4117020623421458,0.3791580512869799,0.05067211988105935,-0.5596089791095249
0.7260658576783416,1.0,-0.2374801375433977,0.019223475268051793,0.7977170248182052,-1.0,0.7169789357443161
-0.2818025986937447,-0.3849351571160685,-0.2816563427259404,-1.0,0.4703647221599364,0.7009159805185026,1.0152652000857516
0.11830888349139679,-0.1416786292303099,0.19037765662580902,-0.8461417529772484,-0.19634376785245639,-0.9382974731904273,2.978375102857058
-0.9362875371307737,-0.024072528844353958,0.33994446780452037,-1.0,1.0,1.0,5.417034126322813
0.9944730909213886,1.0,0.760031228354036,0.9216479690138373,0.12762249787908464,0.18406531487635036,-1.9055649029751809
1.0,0.49663114517694684,0.1840155900517385,0.5236408076623211,-1.0,-1.0,7.218486089213362
1.0,0.6932045306014875,0.5302745755304651,0.0347767184130936,0.4910976155441935,0.3582405296099328,-1.9512908639200996
-0.07140694516077528,-0.30294002921513896,0.3584360475474385,-1.0,1.0,-0.23813153312914248,1.9633956460767825
1.0,-0.15903760202220035,0.1299067671800569,0.6335363089360275,0.3944164490373338,-0.17321061762488482,-0.0504474945485629
1.0,0.422282245999425,0.7105791403813879,-0.4249521798684192,-0.6140257039178394,-1.0,6.104033853282135
1.0,1.0,-0.1606124001120217,0.09653290557045069,-0.5121448446993109,1.0,6.9890002909954925
0.24439518855639455,-0.800263651134032,0.3836742224394211,-0.27838584039337744,-0.037145030329341855,-1.0,5.595871167350873
-0.10307992509026365,-0.3903764099462296,-1.0,-0.9335071178599379,1.0,0.7761857371294021,2.449686844532949
0.9601662673169805,1.0,0.04877834463558095,1.0,0.5219752941258802,-0.21725147764319308,-0.15653583091811452
-1.0,0.6232694532689974,0.1751889091268437,0.11175785315111064,-0.6781828251170924,-0.09525107049494486,-2.3566900062169744
0.5509762794843781,-1.0,-0.7505101521371038,-0.46272794069774675,-0.708534558075341,-0.0018542226392523897,1.1117007525743519
-1.0,-0.9924059712318837,-1.0,0.4500681757405567,-0.3252301309407624,1.0,2.3642377849200553
0.3668807126859176,0.13922029588510276,-0.12779935304772239,0.46113954838818016,-0.5653388301563815,-0.9561595983611513,3.666784922101683
0.0848632491215977,-0.9836261653373981,0.5115387522629733,-0.6595321453871992,-0.596414020363721,-0.26105168628589315,4.2890331243086415
0.6502035166209532,0.37750417883702836,0.5167267210179922,1.0,0.08816840639576295,0.48641935301778827,-0.5580488018982062
-0.07662224336649501,-0.15286300840728478,0.7127231467507515,-0.7646333193228563,-0.06851936776353806,-0.8247643144339851,2.4782844929007006
0.45800513702163104,-0.36600127767061674,0.35105264620697113,0.05137231566372735,0.9120589755672557,0.8314107376113804,0.4959471001504644
0.13394248124676666,-0.5973700832883313,1.0,0.9267945196135325,-1.0,0.17159238533311472,-0.0043211390929446675
-0.4666269830750989,1.0,0.7647206072321381,0.9881849529472169,-1.0,-0.6082561067523647,-0.09398236167217726
0.953511908456218,-0.0337954093224338,1.0,0.3118906756688462,-0.031097134915043734,-0.035275111073208465,0.8469545887425527
1.0,0.8945990541273018,0.9150956732640004,1.0,0.6442910772102701,-0.01758634100659806,-4.787096166872775
1.0,0.7943826415566104,0.6130319987135906,1.0,0.8509177879361542,1.0,-2.6820516876484
1.0,1.0,0.2316668824339092,0.19837947820014135,1.0,0.6643050059410693,-1.813024317826683
-1.0,-1.0,-1.0,-0.5384871921320884,-0.1579900860572262,1.0,0.588963299625611
-0.013635040132979004,1.0,0.10122132620000429,-0.7509027237976081,-0.8660132444689987,-1.0,0.8144986525073842
-1.0,0.5601090647528246,-0.6849982614788315,-0.06519262789311364,-0.6658535433548065,-0.5018671124353211,-1.3941677562383636
1.0,1.0,1.0,0.9912632830111019,1.0,0.34161292926653375,-9.219923572035853
0.3779485027559426,1.0,0.6559434867108991,1.0,0.9380492443955484,-0.18097255466301243,-3.770785817549477
1.0,1.0,1.0,1.0,1.0,0.8035618585802351,-10.651902474239591
-0.010357319289794553,-1.0,0.2523279767905705,-1.0,1.0,-1.0,8.492285117143492
0.8938146523597069,1.0,1.0,1.0,-0.4229143784532796,-1.0,3.6185524184425923
0.8406789076607379,-0.13692806280502223,-0.308043588716531,-0.1575537865494484,0.14187783016496391,-0.6680009124716695,1.1703533414195921
-0.6901154841007675,-0.6521117735276696,-0.35730840122515484,-0.9569756312155753,-0.7626755516743222,-0.48958964368348035,2.1434436865550293
1.0,0.31372389797506384,0.07241129111199496,1.0,1.0,1.0,0.9023501754120409
0.5558637090177461,1.0,0.2822408968793644,1.0,0.4490729683280119,-0.9893735726845553,3.05359537873976
-0.19097076407993074,-0.23015998988663555,0.5820964133687869,0.4223994856774975,-0.00012023563978839913,0.08868135614042658,-0.4784858855902655
-0.5231415289699305,1.0,0.5908147729440594,-0.16464999965928812,-0.271019024491884,0.2941388808449703,-0.797272929658653
0.493386263489004,-0.515753285412117,-1.0,-0.33622043265052537,-1.0,1.0,8.378916551043844
-1.0,-0.6361328767923118,-0.0019880037207952728,-0.3692997035957645,-0.20805840047177004,-0.22093231832545235,-0.04572702563427966
0.8183389375939065,0.8165767863900614,-0.443947531196435,1.0,-1.0,-0.6097656073768192,7.3402643953234925
-1.0,-0.9489827393577965,-1.0,-0.9622946117245346,1.0,1.0,-0.07299908197742302
1.0,0.5507143284506175,1.0,1.0,-1.0,0.2026294502573165,3.1765322644830123
-1.0,-0.16308499927172726,-1.0,-0.5720384860384361,1.0,-0.07604046246624474,-0.6847657233803814
0.008964572261338094,1.0,-0.05264603250693245,0.5337221324624858,1.0,1.0,5.4189189602670504
-0.45069460491750396,-0.5346587898351931,-0.2504352549311766,0.9664956079908503,-0.48990710968251006,0.03773797637654062,-0.4117562904877762
-0.2988563376560379,-0.5500699785065386,0.5946955490958434,-1.0,0.28392975609222626,-0.8163371041663658,2.9861896243096124
0.1784537212366747,-0.8091936176089004,-1.0,-0.054372978367212,-0.31903499793458656,-0.9739388146758736,2.280073144489752
-1.0,0.8469030776442388,-0.3841660833207715,-0.402833607446461,0.9149110016208872,-0.9859789776926842,5.975586617994982
1.0,1.0,0.3335873416578279,0.4920503419130883,0.5081713191226005,-0.4864266060229048,-0.751064134409878
0.31309242327057496,1.0,0.9539827735766009,0.42949478004959507,1.0,0.4741608864476536,-4.528221612371135
0.7983540236772164,1.0,1.0,0.3513213231498713,0.14620805030459477,0.5160690805867093,-3.793854489193888
-0.32914994095446914,0.22567584568472676,1.0,0.96678199883906,0.5202629611829062,-0.005125307594079254,-1.6782411508432984
-1.0,-0.7004446340468231,0.4612466490846177,-0.7277841733867936,-0.8087322150115932,-0.6689439084479529,2.524624004993486
0.1372880323137101,0.829711415462022,0.6500551828520629,-0.6762342362243178,-0.34957962361686246,0.2022383640445784,0.25134291855902524
-0.4946860517524124,0.6225171556630094,-1.0,-0.11510437511310023,-0.008074092367280433,-1.0,5.583787164623388
0.7963938148930487,1.0,-0.10329319468608839,1.0,-0.10541414249635506,-0.09080924794180278,1.2825531559733752
0.13339200736264434,-0.23840494469581375,-1.0,-0.2010121887304303,-1.0,-1.0,2.2214242170704566
-0.35344460672335776,-1.0,1.0,0.08538663750270864,-0.733997593192786,0.22383907721971757,1.3335467535255372
0.18637279703183823,0.588845444974045,-1.0,0.8850267865665766,0.16461442845367102,-0.35353664956333486,-1.0656273641166867
-1.0,0.4082677534565027,0.6524530826135955,-0.6796136641469144,-1.0,-1.0,-3.3287714890558195
-0.0592268079090536,0.5095847226851705,-1.0,-0.996364970537746,-0.23801206726608337,0.9443180138078185,7.137175970250391
-1.0,-0.5666427621181873,-1.0,-0.43576108306662253,-0.14034606450043607,-0.7317276645398625,0.6679777338818068
0.3338479601266249,-0.6290538022702585,0.6365485545499688,-0.2847990466300687,-0.9613122278119317,-0.3849561683348447,3.0490524753928536
0.5574052222254435,0.9469276542563392,1.0,0.4136879057939753,0.1043206380789603,-0.778121654953721,-1.4408006189912848
-0.4361194024724083,-0.8756639641510442,-0.6228077166819244,0.051472144015676013,1.0,0.3528799397088078,-0.034225619171241534
-1.0,-0.39649999981411166,-0.2881197265953702,-1.0,-0.7781720824367151,-0.5075067204422836,0.4626760563100353
0.057857936079921346,0.9267912831558636,0.6482474221785546,-1.0,-0.04419240246980266,0.8179250506674064,1.2531366193103692
-1.0,-0.7005440046745298,-0.13845251839068173,-1.0,-1.0,-0.3991300151676458,2.2995956007511738
-1.0,-0.3217368117690229,-1.0,-0.6941115500083155,-0.8509037535609516,-0.003728603880509579,-2.353056981961653
-0.2893108838532611,-1.0,-0.42726730544972535,-1.0,0.8571994153946285,-0.717715417391489,1.785880666128314
0.10298896874304778,1.0,-0.6005994904137554,-1.0,-0.2671352587513396,-0.0588188855859999,2.0274835946273884
0.22673382196636038,-0.07182001784254982,-0.6778490513148965,-1.0,0.008454245825472051,0.027927222438262678,-0.7301127882868599
0.5928300922977363,0.23058624091186242,0.9126258190930119,0.5493227057892911,0.10997317978217558,-0.6407635581173672,1.1670198538630847
-0.14251797290671275,-0.8060045028561575,-1.0,-0.13020719594866303,-1.0,-0.8362724257657015,-0.4900912979276726
0.8441906941169822,-0.21903556127459675,-0.020913871349783508,0.8021928539246372,1.0,-0.07067700813620625,-2.065502266280109
-1.0,-0.6158896937104512,-0.7755555245455947,0.0076383993687678675,-0.6149294846711874,-0.06033242272797512,-2.285468903195368
0.5168403040539342,-0.008894754620453166,0.6086067004744391,-0.9510482099253805,-1.0,-0.16002995478056847,3.153730920923432
0.47364770145881047,0.04362799254659633,-0.4904597255954382,0.9073130243246543,1.0,1.0,3.837705385922409
-0.021771991024322757,1.0,0.9442707713353125,-0.23881585502197455,-0.9360620055614379,-0.6851103000361106,-3.166136798380467
-1.0,-1.0,-0.9445668284534745,-0.7081926357106412,0.09531385003760723,-0.5494422089899403,-2.021378727367629
-0.5497237563146208,0.6835944059448885,0.25340850694835587,0.09188979060377206,0.7883356776908155,0.765090177055628,3.1611837977892154
-1.0,-0.09272611672233244,-0.7285161797836393,0.6255984524202458,0.9701205327966518,0.1978329110565591,1.0560954027198035
-0.7960483375598075,-0.566408110360568,-0.5161323313417105,-1.0,0.6088537605746123,0.05181145079277644,0.34881022244811133
-0.12027745728201211,0.4823319997005077,-0.009891670607630604,0.5694610562971847,1.0,-0.3956421756492045,1.658948640832432
0.319978770647682,-0.09186701466393166,0.28579070943552587,0.38101883483649845,-0.09804029121916469,-0.121681913136271,0.6560877388460429
0.09342610113286653,-1.0,-1.0,-0.50859757122516,0.4348085832324128,0.313429629206371,-3.6756876806659955
-0.32786196183912664,-0.5283248107302153,-1.0,-0.28992587591707786,-0.015016999304755085,-0.12799316152649642,-0.3909812111337895
0.6159263849676526,1.0,1.0,1.0,-0.7823386444694921,0.8287830043748343,-0.8379899916812857
1.0,-0.5675979939782566,0.8995462414316697,-0.556255026437029,-0.5224632050581035,-0.1623621755076492,3.2671103820948786
-0.03975357031101928,0.36727971236824913,-1.0,1.0,0.6333624328459329,-0.9551544850488229,0.6059234449108692
0.9259152374208598,-0.974628945547865,-0.8722817502756502,-1.0,-0.06816585749040205,-1.0,4.6841423186544064
-0.6459977221696314,0.4112424596129366,-0.33183233548770596,0.12924201816421188,-0.7722506786121367,-0.3715319597288753,-0.9612898962427926
0.9292556037390024,-1.0,0.9129286883300245,1.0,-0.06535682842621837,0.27856704417933265,2.618894809513035
-0.41180279180517454,1.0,1.0,1.0,-0.496495367312224,-0.5227597933864949,-1.4787207447739155
1.0,1.0,0.6044274812138664,0.49430455840819776,0.8958164846662917,-0.2831429978761568,-2.1011165902635014
0.5985444947623187,0.86202086406665,1.0,-0.24735999375799173,-0.5955625543932923,-0.3384633239619861,0.002619687867330578
0.5524051479657998,0.8102230675164612,-0.6656363138998972,0.9004204967349468,0.5212701160566033,0.07605063313908933,-0.6543854958557366
1.0,-0.11490549226679919,1.0,-0.4353737593902459,-1.0,-0.8095305463032301,6.483985321201499
-0.689973572053986,-0.1568035075752554,0.13185849213377532,-0.29924928352293667,-1.0,-1.0,-0.5521285387462072
0.2000914679591284,-1.0,0.2518807453315862,1.0,0.3910814444741999,-0.04482520220924491,0.8010626694412927
0.8731787991828428,0.6475961070411274,1.0,0.13495352811750838,0.35869201180673455,-1.0,0.2679424220045162
0.06890264057213047,0.3645479385626671,1.0,0.4077203169412875,0.7557050269432386,-0.1910781213139665,0.4767415810324167
-0.5243680332839449,-1.0,-0.29063649295162514,-0.32751608668723864,-0.07619841911335701,0.21703073940999118,-1.3988834006823336
0.08150562554286866,-0.9733639811923436,-0.31115689353615017,-0.7100418946413423,-1.0,-0.12947826198568368,3.526437995287254
1.0,1.0,1.0,0.23131207946771326,0.4141762020575237,1.0,-4.77161973835492
0.5575119157148369,-1.0,-0.35328545258468025,0.18214058429692315,-1.0,0.6759446424752973,2.9658956440292648
-1.0,-1.0,-0.018806088343586325,-0.28738798961939493,0.9515635442467103,1.0,3.589401057391327
-1.0,-1.0,0.25214718195723085,-1.0,-0.04480084654840322,0.2329556310733896,-1.4983122829442914
-1.0,-0.9404440771790685,-1.0,-0.3584274976055706,0.27527703687938154,1.0,1.539142685787319
-1.0,-0.804066582681233,0.5171710679833132,-1.0,-1.0,-0.2298310984701577,2.432591706723858
-0.22840470385848102,0.1860395044522959,0.9012127758602315,0.3099554073752747,-1.0,-1.0,0.12164815186343879
1.0,-0.2153023346938876,1.0,-0.5900400066936244,0.8159218175748579,-0.2985411751811792,-1.7350862494299804
0.3825685828155605,1.0,0.9203624933189312,1.0,1.0,-0.7052368070845377,-4.678006659238366
-0.5295348084658885,-1.0,1.0,0.9811120980611323,-0.4117747637185001,-1.0,2.1563882125654774
0.5377766570351935,0.10352973786511943,0.1638845946311832,-0.38233100800339637,1.0,1.0,1.630709156921202
-0.34219993948135186,0.23048028583197422,0.5940195599826621,0.030139801154349277,-1.0,-0.49817325378173605,-0.8171288227797362
-0.7186135580389987,-0.13315265191039316,-1.0,-1.0,-1.0,-0.7725644986161797,-0.3756633385264689
1.0,0.46850791658092794,0.978632516351559,1.0,-0.2650253946050115,-1.0,5.234259661003377
-0.915674882305143,-0.5083042460284015,-0.6638745790274234,-1.0,0.9382051416542694,-0.8654554779489247,5.095320128748453
-0.16777460046418802,-1.0,-0.7395069169017428,-1.0,-0.28119469351997683,-0.5637929686266905,0.04184299864486819
0.4600524252256506,0.7629729820157654,0.10369893749469178,0.4114667570024627,0.6514144197751646,0.004284861249192806,-0.35733311009594215
1.0,0.1099476262786907,0.730142732029265,1.0,-0.5036525558136586,-0.3961848812507757,3.0750079369559744
-0.27697838882401915,-0.5083550781285917,0.01738139005435141,-1.0,-0.14801708472679542,1.0,1.4332802441112995
-1.0,-0.8722840744697073,-0.36481934447521525,0.7395992577999302,0.23771547173614005,-1.0,2.4418710774219647
-1.0,-0.3808942707152453,-0.5739343707086526,-1.0,-1.0,-1.0,1.8733643270995892
0.06460845900510459,0.2528590099627089,1.0,1.0,-0.35415740127531503,-1.0,2.301212236038848
-0.6763930946126238,-1.0,-0.048906430506501675,0.3659982595799443,-0.49083269541038926,0.53627732936676,-0.22102309749484195
-1.0,-0.09632765151720135,-0.802352829182009,-0.642278518435446,-0.17152975015642358,-0.40508293663384065,-0.706244573632618
-1.0,-1.0,-0.19399108586893643,-1.0,-0.7946255042865329,-1.0,5.0685880717040375
0.3599034636854117,-0.9726697950945837,-0.9824080421576094,-0.1806940499639259,-0.7032264285942897,-0.836188268211106,1.7767030630928984
-1.0,-0.08800361135651769,-0.5116085228261127,-1.0,-1.0,-0.8226620879047561,-0.23811021053965747
0.13815785063155428,0.02922994630870896,0.9191020461489418,-0.917277546548753,0.169579382354398,0.7117461445073678,-2.1299529292664325
-1.0,-1.0,-0.7047119884206339,-0.47125381581232206,0.028027204472829026,-1.0,4.436585586915347
-1.0,-0.1203648830184798,-0.06580810871358023,-1.0,0.5404766413294646,-0.5835583803912444,3.930808915591641
-0.06978880317454206,1.0,0.3018644399003456,0.8777502501137219,-0.14032310969508333,-1.0,3.167534183137967
0.150114312745238,-1.0,-1.0,-0.055373187516178646,0.04024933147084342,-0.9003064547603665,-0.13255304217478237
0.3627430593543326,0.21798430159061344,-1.0,-0.4519878434995795,1.0,0.30638962890072996,-0.548530193742663
-0.6930586620852046,0.8320170734265192,-0.3609620632180366,0.28542680422686595,-1.0,-1.0,-1.0775983433597114
0.5396375669776141,1.0,0.2581728761493354,-0.6059362936291361,-0.04620451815040838,-0.20659170281643235,-0.4714332457051911
-0.7515385326435995,1.0,1.0,-0.07390555627699946,1.0,-0.8428536717853997,-1.268774937087013
-0.47128892694205005,0.2840173491402465,-0.5241415557897104,-1.0,0.5618068401536033,0.04503121268003847,0.33096255075097947
-0.3422297032143792,0.03316782154293041,0.6939979580862498,0.1834255178874905,-0.7987531039468327,-0.7843969531717272,0.9092576684680345
0.7094841734835278,0.3024692578317434,0.4154401360258093,-1.0,-1.0,-1.0,6.224297964663768
-0.024559189948784366,-1.0,0.049574617418501665,-0.7995505215354042,-0.5238010875316663,0.03683926777209601,2.4228382225574947
-0.9722750676954166,-0.16763008027836523,0.324878763320656,0.6540021755069251,-1.0,-0.7432565444582504,-0.8478874615015999
0.11747527607676356,0.5536689125632386,0.7761878100337265,0.6306273700664052,-1.0,0.6008072015096069,-2.8874225283667396
0.6828468128133616,0.37659280929496636,-0.6737324168622106,0.1926926050931631,-0.3447010868209951,0.23849035547358552,1.3700401166466667
-0.9683863480296028,-0.8169212178548042,1.0,-0.46502436635679717,0.7830070969753612,-1.0,6.840718451144643
1.0,-0.17372894689464863,-0.3719437415778811,0.15502966705722332,-0.6329374859964294,0.08648298147928346,2.0897142176886434
0.1233800875093723,-0.5789034080008506,0.16416160473730074,-0.6665949045409151,0.18515545766037184,-1.0,4.933305414673956
-0.665138248403552,0.35454059697261825,0.08535506821729322,-0.9437521020209145,0.7580292154963175,-0.341824867225458,2.1779890881362167
-1.0,-0.6299285045235423,-1.0,-0.5952931970969619,-0.9122532400475589,-0.7853347338670515,1.0813647942391238
1.0,-0.13908678182240436,0.2181397102498954,1.0,0.14197976223862463,-0.3604767358447477,-0.38515784396086816
1.0,0.8876032020388667,-0.650235298867957,0.26354218290685505,-1.0,1.0,9.006650296100569
0.2740725352435605,1.0,-0.9695885942161462,-0.04979100718482109,1.0,0.3997100685653404,3.7796911406500717
-0.0240019596321962,-1.0,-1.0,-1.0,-1.0,0.19665482331639486,2.3948435071528307
0.722433116915695,0.3565042118075413,1.0,1.0,-1.0,0.6599238158142852,0.1501217650796397
0.27064169632871815,0.7539202747434162,1.0,-0.047383555831806534,-0.40236196327964757,0.6646548219410716,-0.5811136979934831
-0.6556866163706447,1.0,1.0,0.04291543660294219,-1.0,-1.0,-2.8738966544280986
-0.7741727022970019,-1.0,-0.35209798467657394,-0.5573185842920096,-0.54676428241222,0.3568375497235885,-2.890582439753759
0.5930714005758224,0.8717178436867338,1.0,0.19527757142957092,0.41839138347999527,-0.7987749338077784,-1.1545526015656684
-1.0,-0.9275696238133816,-0.8762937974887268,-0.6581015098693561,-1.0,-0.23466184078407193,-2.377425095834186
-0.24798725921722686,1.0,1.0,1.0,1.0,0.5372360256429611,-6.9857826396796
0.9571697668382313,0.32564077949905734,0.8368645806204327,-0.0026002405520582084,-1.0,-1.0,6.836848238914021
-0.5076728136972181,-1.0,0.6402890827352476,-0.9711514328621637,-1.0,-0.27821727266649465,5.18785109632521
0.8796076193997332,-0.05497611118189849,-0.6758162198026127,-0.4173566342827398,0.03640748627198365,1.0,2.711296303734546
0.7320303585078038,1.0,0.5390771487116486,0.5773594738320957,0.22929627582103007,0.6666373669941661,-2.0749159156602683
-1.0,-0.9526604172359079,-1.0,-0.17928591210551348,0.8689871382792858,-1.0,3.390586257688598
0.826121765258579,-0.2830496467166621,1.0,0.10011423750585774,-0.029499670782329623,-1.0,3.6162628722105516
0.28024737782431175,-0.46387426711531643,-1.0,0.31913033185232953,-0.0045619123150189705,1.0,5.302400295999563
0.1414126614125093,0.29693161588343026,-0.8460316458203583,-1.0,-1.0,-1.0,0.5108391486628738
0.5597927951036511,1.0,0.321356204399332,-0.22968514934365758,0.10721471814843558,-0.7993585233533861,0.11620136680932665
0.3615924993373353,1.0,0.7378221072478859,0.5734238207409004,-0.5044184730341286,-1.0,1.6862467003862718
0.7118525871831374,-1.0,0.8840919292295413,-1.0,-1.0,0.007990327026273586,11.286812247377975
-1.0,-0.4990798758360485,0.09583411731186042,-0.7047460228891761,-0.9611068920869861,-1.0,0.9471758403163887
-0.5153469045740509,0.723421248659908,-0.36896842828578386,0.8172826228617875,-0.7672019837037651,-0.36276035218026714,-0.6311612223030046
0.04300190807252924,0.5356376832900333,0.3125244057996766,0.009439137636251232,-1.0,-1.0,1.743246460486434
0.02786951429857809,-0.2908624359929184,-0.1621401253293746,0.6004793656078886,1.0,0.6822544191052697,1.4284113510544567
0.09522636725689626,-1.0,-1.0,-0.9558568272426503,0.5634268336654009,0.567825617184221,-4.096076319432389
0.597619005309783,0.3524029622834999,0.7960542410999436,1.0,0.8847043505977592,0.8619083290333369,-2.707882068456673
-0.9008785888292135,-1.0,-1.0,-0.4722727099621755,0.40880325529375144,0.6452692629112096,-3.388749535125187
0.8383255032222605,0.28522292438041996,-0.21814813662793375,1.0,0.8348157253488858,-0.11168594333276771,-0.31445658332815385
1.0,0.5211595578178401,1.0,1.0,1.0,0.5524586702310779,-6.60213051152205
0.5455859067722122,0.8480845935914295,0.08597196518554218,1.0,-0.4809905476164724,-0.9905702253166805,5.564818947743512
0.5006574156369155,0.5806842429369563,0.29995307033886065,0.7337379971263049,-1.0,1.0,3.6783761983645498
0.45284937804326647,0.07362918532117158,-0.43208597459582443,-0.5570082448049337,0.9922708690850988,1.0,2.789391642763517
-1.0,-1.0,-1.0,-0.9807845457121748,0.33565889854634023,-1.0,2.3556897441731035
0.5992262835711114,0.8848925199762411,-1.0,-0.8471031955795265,-1.0,0.44457463947324705,6.588940653944676
0.21925906591788247,-0.20674533526899774,0.3214529812406858,-0.10068496230178853,0.8699636936294683,0.9549794544639523,1.5302657352663134
0.7225418810856387,1.0,0.24223300598797975,-0.6898544569929062,-0.8306210338106594,-0.7074018842568687,3.4954964761508465
-1.0,-0.5605573255394145,-0.031105787840601362,-1.0,1.0,0.9441623895829936,4.57053722665719
-0.28364868168344093,-1.0,-1.0,-1.0,1.0,-0.43258794606219864,-3.6666725187957288
0.41076937228372196,-0.39092466784927077,-0.6951190954264101,0.9398254443299693,1.0,0.2984049289469983,-0.9842079494384834
-1.0,-1.0,-1.0,-1.0,0.5527640361345728,1.0,-3.33163582763747
-1.0,-1.0,-1.0,-0.8511827464096668,-1.0,-1.0,3.765404011433895
1.0,0.9360371429807863,0.22403676545729823,0.3869859270025072,-0.758789241207507,-1.0,7.72833058132089
0.3069114168415843,0.10873373547464338,-1.0,-0.11060229694637824,-1.0,-1.0,1.361513817232122
0.783674891935104,1.0,0.23665700981982318,1.0,-1.0,-0.1968534200799401,5.180595874508185
-0.3207200748050898,-0.7944930886899728,-1.0,-0.4675791192622465,-0.44305367429714193,0.6059544860280341,-0.2078210797980483
0.5816166810797925,-0.17010004105707122,0.45619815528609986,1.0,0.5913191492612041,0.5392599864087287,-1.6621453047149015
0.5264905350565077,1.0,0.7976624247486102,1.0,-0.6168631200934636,-0.22488970755980353,-0.9620192758804105
1.0,0.8726248182901053,0.3778548785822021,1.0,-0.08570234403106647,-0.5724984285466539,2.5297246381499425
0.9341959378474367,-0.23683958514689146,0.14544417349643352,0.06012741386990139,1.0,1.0,-1.1264048523630994
-0.48798590657365215,0.5071269753108746,-0.029543310583063476,-0.1304817029575266,-1.0,-0.2769559241477478,-1.261645115392975
0.1177757840917959,1.0,0.9687544606526559,1.0,0.06212350366612722,0.05424089957152156,-3.5436879599224573
-0.16317726920069364,-0.982515475153243,-1.0,-0.6783428211124267,1.0,0.3376779932469127,-3.741978825990952
1.0,0.037265227017278524,0.8273217245064255,0.6020091500140984,0.7538973895016113,0.964062728591345,-2.611145685129604
0.8321523695179212,0.33609512990513024,-0.42723592144420297,-0.7736198340002111,0.2847036760924747,0.41044502903945945,0.930319999728531
-0.5848942065924904,0.10744927727726108,-0.8403144729963736,-0.694405174071909,-0.26870370133734434,-0.5988185986392338,-0.2029452694587479
1.0,1.0,1.0,0.9905836358133069,1.0,0.5523796783560873,-9.972459591158447
1.0,0.4833745672025731,0.3249483825061426,1.0,-1.0,-0.6881937421475377,6.4715756299322384
-0.9748640001294457,0.3868254774164838,-0.6639056309433421,0.8586510779886203,-1.0,0.7860090393938617,-0.5621814793095506
0.039645701893401886,1.0,1.0,1.0,0.7174336837946912,1.0,-6.4117060913948745
0.8527540260848487,0.43193771885925253,0.7504057603091462,-0.04481369941701052,0.19706247231684748,-0.9278644515293194,3.322677681409584
-0.33496976467357437,-0.01262898514150762,0.09782378380666501,-0.1694152503210056,0.33433452068576786,-0.4099868376667799,1.108953067394589
0.5500595027535445,0.6663473517607297,0.47105879353041935,0.6470961827413376,-0.6701316186365343,-0.7510514150625678,3.9518696380335725
0.9568579301708824,1.0,1.0,0.7192347284120764,1.0,-1.0,-6.3116133417302125
1.0,1.0,1.0,0.6337806988944621,0.023953203725628314,0.652307250751124,-3.8041967526769005
0.3347057618592299,-0.7680979652318356,0.9335304697007728,1.0,1.0,0.12901224156117175,-1.8864025212842532
1.0,0.59935617298642,1.0,0.588627321765412,-1.0,-0.22952980933818345,4.522625773124098
0.038902297030924196,1.0,0.61921858106968,0.5784491347459977,1.0,-0.06874739274223485,-1.5266142340430409
-0.30799697865704756,-0.3548284572859365,0.6781691101021659,-0.5946315774463916,-1.0,-0.23108351574522845,-0.0889455970073581
0.7668321752501641,-1.0,-0.6595093290353404,-1.0,-1.0,0.0072692398670202805,6.601636948612047
-0.7007827855711473,0.006760056403675385,0.020179642324229738,-1.0,-0.46184408964930534,0.19221858453550844,0.05045743727021401
-0.055563304428850824,-0.22586377160797144,-1.0,0.12001875302296794,-0.678191945796319,-0.7921344157144435,0.3479932889263382
0.41553531503692287,-0.010913570455894084,1.0,-0.0031805136100105935,-0.4097083892349507,-0.13092835620981963,1.0205869955984381
-0.45786717827556195,1.0,1.0,1.0,-0.3491342903566734,-0.24990181641950548,-3.0601209357353354
0.769629284377235,-0.4157352642076192,0.8667565675954343,-1.0,0.24289791219731155,-0.21671582602228606,-0.41353663222097903
0.6676596776756931,1.0,1.0,1.0,-0.5295255133124084,-0.8120223711910032,3.367795954502967
-0.7589504139245649,-1.0,-0.44807298704091847,-0.5989221771949484,0.07357763378158921,-0.8533556853754354,1.8339699760017705
0.21737487341711315,1.0,1.0,0.968267864683631,1.0,-0.7861514059128552,-5.844421947261845
0.9785558122125512,0.8379557307415162,0.43538629207803625,-0.5318158917100694,-1.0,1.0,7.6501545624601555
-0.554927627521896,-0.5892325476144646,-0.6442558091232888,-0.5319699954612844,0.4547581376219523,-0.7022214752162963,2.310309476927646
-0.24473963116261244,-1.0,-0.08608051095910385,-1.0,0.862645405985512,1.0,-0.2181253089982722
0.2949668581624093,0.48329637890480476,0.045429399412560745,-0.5425585884464468,0.5884343622259839,-0.6719553693569542,-0.4893683565271668
-0.26304044897202333,-1.0,-1.0,1.0,-1.0,0.013944168327415962,-3.7378277478400515
0.5148979931464304,0.5565204743168864,-0.35006604562544463,-0.9823415726733719,-1.0,0.21721164185856484,4.568328992518533
0.8524046494356505,0.5755759156226681,-0.022763346780074245,-0.04154799179646629,0.9056841494168378,-0.3563409987081043,-1.3002891056341606
0.03067304079591726,0.9086426184772961,0.6659796616050826,1.0,0.8792374042821252,-0.13236694054106202,-2.321876671099976
-1.0,-1.0,-1.0,-0.7139922767518576,-1.0,-1.0,2.6541164340542567
0.15742494630045942,-0.9439612165817712,0.43579069304544704,0.21756843863816167,0.6087484636132733,0.9986787878773702,2.6405904838897873
-0.2971054431821276,-0.8780372083929349,-0.5592454673324286,0.622119112682898,-0.5007235402645274,-0.938741735962475,-0.14662301299675318
0.6123407689634958,-0.9756590950670553,0.21380952129970301,-0.10609262706224842,0.24789515296414047,0.4454654982693707,-0.22870258005886585
-0.810871443779664,1.0,-0.6726209854574575,0.27247574872755453,-0.43965783670758957,-0.1886501315021778,0.8868794791289822
0.4358499236317279,1.0,0.9251189420544277,0.48095775237187155,0.24128017233093102,-1.0,-0.8771724928835672
-1.0,-1.0,-1.0,-1.0,0.3263808566859805,1.0,-2.7875658003404276
0.6132566919442322,0.7412142063709073,0.8429339564691989,1.0,0.42215037399012306,0.8959813945373101,-3.4559225833072147
1.0,-0.45800739253227585,-0.03782864931979313,0.11782737933440135,1.0,0.9680539086419757,-0.3821344874388014
-0.7991551679601198,-1.0,-0.17948213251204792,-1.0,-0.7652359466484606,-1.0,5.737945067925915
-0.24992743454902722,-0.5123273229616802,0.11981750610652997,-0.02029988513042591,1.0,0.8427021222574054,2.866203872853911
-0.7154404887725054,-1.0,-0.4641806198546258,-0.6899992316700598,-0.40284296714392887,-1.0,3.3054264993492484
-1.0,-1.0,-1.0,-1.0,0.7463856546507542,0.7213284413018218,-4.4203552127238925
0.1410427745975637,-0.1518709629093029,0.5707751825351502,1.0,0.09055893669733134,0.569376642611778,-0.7763863392017214
0.20198007588841327,1.0,-0.8449045356894938,-0.4220819801563309,-0.6895117280074521,-1.0,1.9949400114420828
0.9561666904157886,1.0,0.3865033083090241,1.0,-1.0,-0.1082655031351143,5.185392284980216
-1.0,0.13379983881208973,-1.0,0.02675472740178375,1.0,0.8165781332625985,7.142215641980361
1.0,-0.31636545425738727,1.0,0.23903918978240768,0.2976994606832162,-0.2345778490151667,-0.9226140689936417
-0.344275296587252,0.8487925118929948,0.49774522914453084,-0.8240396083421081,-0.058988058372322794,1.0,1.806020174975731
0.1177352289775746,0.7358884116697273,0.8113364731027826,1.0,1.0,1.0,-1.7961519780383333
-0.41589470296166786,-0.007325137907476548,-1.0,-0.8013297539437894,1.0,0.5218460362790414,1.8063128057175895
1.0,0.12778157864954098,0.5025253469902987,0.368595718078551,-1.0,0.521173396500072,2.954548580361473
-0.560659000976518,-1.0,-1.0,-1.0,1.0,-0.5716314253180559,-3.1984056461021746
-0.46887439215008,0.49503515459130565,-0.15058474859251664,0.12155487700188672,-1.0,-0.9672971538816877,-0.9984117831026212
1.0,-0.31180964970764646,-0.005397893203084647,1.0,-0.3162423447078031,-1.0,6.268177628450927
-0.2325305220181948,-0.3334358419814063,-1.0,-0.4244462920649896,0.49800629505090144,-0.24861613522492557,-0.42028936128832795
-0.8044451967884328,1.0,0.30850436414546556,0.5076722086725894,-1.0,-1.0,-0.01629603720475903
-1.0,0.2584971758200153,-0.004487471759032496,-0.017427912747559282,0.8094561784229245,-0.37755198483829133,3.229878271440925
-0.28199208064163167,-1.0,-0.8287419554319799,0.9241232970913222,0.3255571092101859,1.0,3.949315355051292
-0.11480849516568381,0.16380714304638577,-0.2105963199092728,-1.0,-0.7922643259548702,-0.3667640637111698,0.5549506958152095
0.7877926410687919,1.0,1.0,0.3123233529772096,-1.0,-0.3928388702699097,0.6419494329211681
-0.5729686664249799,0.47286879161901096,-1.0,-1.0,-0.5911896148772631,0.9438998728485476,6.933857888378157
-0.21348916116049665,-0.5038630574475478,0.9367488843960103,-0.2903434972502463,0.843457133900595,1.0,-1.510790710355932
-1.0,-0.9801091520424047,0.06592815011167548,-0.19665484336398387,-0.4581124156368208,-0.04742366401340181,-0.6483039658547688
-0.4681896023406742,0.16485439899621324,-0.6819806141707552,-1.0,-0.5452131631643377,1.0,5.869374754650673
0.6945668537494109,-0.18620389645937496,0.37202566597849707,-0.6357131013328756,-0.11671394067698793,-1.0,4.934353117137743
1.0,0.8782356981886832,1.0,1.0,0.5332376478304466,1.0,-7.507736461860741
0.5006035552396073,1.0,1.0,0.7490664740290244,0.04195707897999984,-0.3054395053792849,-2.1441374541986216
0.6375129261887724,-0.9796980767578318,0.1990076434564738,0.26456629980105784,-1.0,0.5296264501391509,3.7050725483188294
0.5041988888851465,-0.69270973584957,0.8489877917254326,-0.5831355023600806,-1.0,-0.04056632054857112,4.638989980440523
-0.3585019917279045,0.37632314293364183,-0.6123079204478924,0.6470108452789948,-0.5650716023034595,-1.0,2.175859285562101
-0.5434565398963164,1.0,0.709836570629747,0.4764532031560994,1.0,-0.7772359340633344,-0.21113821420678608
-1.0,0.07063399056481605,0.13660094218322982,-0.13612902479197841,-1.0,-1.0,-2.491731395378717
1.0,0.7638642996931273,1.0,0.8436319648652213,1.0,0.36435438922591945,-6.632290568290008
-0.5355247971235337,-1.0,0.5060266701976194,0.09496918067825122,0.06830688104147575,0.4361067278576274,1.7124634273640904
0.12096948023258519,0.073734342839892,0.6232867854381667,0.7471669246036264,-1.0,-0.007400277829620938,0.3309456471252026
-0.5339241638040496,-0.4420758168306831,0.4693363547860928,0.47372208406697597,-0.2396856695100662,-0.23256869264873936,-0.676062774854678
-0.5930009184061333,1.0,1.0,0.5790810271747464,-0.10752273232517268,-1.0,-0.3808866972085708
0.39015341039095014,0.21513846986004836,-0.7056238738497725,0.9688195589543805,-0.2035654286151921,0.9112744136002322,2.859654290835475
-1.0,-0.5771051424357552,-0.3764487349165885,-1.0,-0.11974774857462234,0.8900736505418757,-0.9217533185263431
0.24727220681840734,0.6813416416406167,1.0,-0.6006842650402561,-0.6667878953585153,-0.6009366850150777,-0.14958021571224683
-1.0,-0.6732750063594328,-1.0,-0.7405026744426593,0.09005803838762505,1.0,2.2897426193878903
-0.2621821161400569,-0.3378707543335379,0.07167171075983678,-0.5486874316087597,0.6847820170190546,1.0,2.2296598365255313
-0.6721388425099303,-0.05011721261976035,-0.7155078342021051,-0.37560429352679514,0.40305831769858935,1.0,5.902637413004251
-1.0,-0.3108290352990464,-0.22404748901294402,0.6477701036042046,-0.5987083577599528,0.09638798167003249,-2.2871305620715097
0.818544873765492,-0.4941420087103304,0.35598526566557986,1.0,-0.28387521979537533,-1.0,6.657987939408387
-0.6716443479323849,-0.2949311515242048,-1.0,-1.0,0.4204146714665795,0.7850087460167376,1.908185769610223
0.15624446942836423,-1.0,-0.25588802710095415,0.31409960342696225,0.28698197649912816,-0.3414079722826161,0.46501501906049264
0.7211304047743137,-0.8986532157388777,0.6029812538621018,1.0,-0.5852935661075577,-1.0,9.332168969397527
-0.7031324511914514,-0.1651428412703086,-0.12820515279899752,-0.6134913023675477,0.04211924006800105,0.4348211676948678,-1.055853877417599
1.0,1.0,1.0,1.0,-0.8223043916852846,-0.1959403461162339,4.669421980109596
1.0,1.0,0.1115448599536808,0.2775672625111738,1.0,0.8040467246092218,-0.014897597196776136
-0.009591833703370578,-1.0,-0.45315007778878147,-1.0,-1.0,-1.0,7.587972530133507
-0.7060883451342996,-1.0,-0.8966202086992486,0.6638132833615427,-0.406269930476245,-0.22935560888064827,-3.8765904360321324
0.9924926783269186,1.0,0.2785732571349535,0.2073530593134476,-0.8304415281517548,0.8551623019045582,4.5140555388579475
1.0,0.6621647544659783,1.0,-0.3953280325118475,-0.6793568931409297,-1.0,3.5165182202214513
-1.0,-1.0,-0.2930104184362982,-0.05564126947295045,-1.0,-0.6370076368971647,-1.246898298186255
0.0039272108022574415,-1.0,-0.9167493990867165,-0.9249707517063364,-0.49558780434873084,0.9484254061396644,1.232534164993698
1.0,0.8350904389269238,0.01908011824898037,1.0,-1.0,0.9863661674039204,8.451511689662915
-1.0,-1.0,-0.33494335476500126,-0.3958741037182567,1.0,-0.37386724584551123,3.2141400357557335
-1.0,-1.0,0.2687929946604241,0.02551534125364724,1.0,0.9546741044560747,3.3949295361778935
-0.5576915775908085,0.5748529756204732,1.0,0.6276394596803432,-1.0,1.0,-4.001643715046285
1.0,-0.16111876366148242,1.0,-0.7750604709465818,-0.056862255855951505,1.0,-1.4626968567992564
-0.7739890497838613,-1.0,-0.07794246594198362,-0.2931050295975681,-0.12730165951593453,0.2906910878747731,-1.0818660164825065
-0.3431716629638816,-0.9191035164896306,-0.13945621272418407,0.6576712855035873,-1.0,0.471108302515578,2.1606114365720703
-1.0,-0.7634949780500389,-0.3348412060406152,-1.0,0.6817054668768703,-1.0,6.106216517142346
0.7406779293842771,-0.22811119614792785,0.21900383589208589,0.8525916012845881,-1.0,0.38928262998834806,2.171652179139368
0.6182481750555169,-0.41866342203936346,0.20076099885762122,0.4808783265019816,-0.07398929556895162,-0.4047275814480915,0.10928647200143449
0.6842349188753033,0.7507941758273955,0.3057925969797691,0.8665324908936491,1.0,-0.4088256418243035,-1.4447215747686832
-0.9419385409755656,-0.7697191647467987,-0.24199178857386927,-0.8669793168567148,-0.08271087511565117,0.5057780000695216,-1.9047739253916234
-0.8594410163029518,-0.4591737747115483,-0.6757208491978439,1.0,0.1719135584919837,0.21409022429650582,-0.8834310822773932
0.7663520107989129,0.8622196546071719,1.0,0.9113642417259685,-1.0,-0.7892129476329625,4.9011753618722205
-0.6659835968847309,-0.5850060130723036,-0.6011196745267459,-1.0,1.0,1.0,5.364042669782225
-0.5774457606072934,-0.4879574199514336,0.5672417365970962,-1.0,0.6219069879792263,1.0,0.40963056345942617
-1.0,-0.7556236003781457,-0.9182581436331211,-0.7616230376869761,-1.0,-1.0,2.9670587641759587
-0.24655784736643604,0.18655464679981182,0.054399844994151014,0.12450282715477934,-0.6540597867746503,0.8863509881165981,1.9529762351921418
0.2942827740338221,-1.0,-0.8390316965899278,0.3028833240688661,-0.3082706057198483,-0.9085819089300604,0.8167679920024666
-0.7145034890635054,-1.0,-1.0,-0.2598203327222284,1.0,1.0,3.0504957812736055
0.8809775018742396,-0.29554509177004373,1.0,0.028049192455576355,-0.1913208883235608,-0.687106748774831,3.9448256323473907
1.0,0.8875431918823742,1.0,0.03926634960380171,0.439034575769816,0.14784111960836122,-2.3579111411064178
-0.672030742564771,0.843714252732771,-0.12295559356141095,-1.0,1.0,0.3973350696512125,4.739114023542538
0.685294141702563,0.646952181319882,-0.06832173448766865,-0.9223618204227466,1.0,0.8863045575198376,4.6236332709348105
-0.4492908671386998,0.24749094464283372,-0.04685208301313443,0.46291215231157823,0.06490356953891085,1.0,1.8846584229030583
1.0,1.0,0.9196112608332532,0.48800400524147447,-0.24808626425317454,0.18458426568742348,-0.9224787407282777
0.2628190522696904,0.5544537351970388,0.6448146130555392,-1.0,0.33709409591405004,-0.49431185508372005,-1.1315145259121637
-0.21085800592830228,-0.9531876278418843,-0.9342620678913669,-1.0,-1.0,-0.18131367559088307,1.0843876485759623
-1.0,-0.15768940675170717,0.015800985062537465,-0.24079506763433678,-1.0,-0.4723140016003462,-1.3953034696177955
0.709750209307614,0.4752105500417749,1.0,0.24004811838808426,0.1651217548159729,-1.0,1.7065523239338218
-0.681889353710589,-0.6014084677530377,-1.0,0.9864348292709653,0.2675678501629404,-1.0,2.1090605109856906
-1.0,-1.0,-1.0,-0.9641876185424543,-1.0,-1.0,4.332683514019503
-1.0,-1.0,-0.4413014073519612,-1.0,0.36726184108062365,0.1943179074009519,-2.7171061456676506
0.5393576000602519,-0.9989845574973181,-0.32858595207625024,-0.8784194525724138,-0.24288161725630508,-0.965477130775727,6.219185430648439
-0.7903359239235407,-1.0,-0.07994574345735478,-1.0,1.0,0.3614851215344921,0.7324539072439699
0.781251962779115,-0.04046033097534796,1.0,0.43294738815429534,1.0,0.9347234907689503,-4.491839608309379
-1.0,-1.0,-0.5622808788541038,-0.04668258110384582,0.006971119327425668,0.005578531637959096,-1.723178253425316
-0.958177199940788,-1.0,-1.0,-1.0,-1.0,0.6804185989830892,-1.7265165494695869
-0.671130951219904,0.044252084202788144,-1.0,0.6152538010177889,-0.028585163918739886,-0.28913094786407223,-0.36961731213253174
0.8925585272543598,-0.4430726559662198,1.0,0.699585350409057,0.5920481896296469,-1.0,-0.9784593847948184
-1.0,-0.177971849511935,-1.0,1.0,-1.0,-1.0,1.0439711742424362
1.0,1.0,0.19561507009299128,-0.3291726881814636,0.4130725248289404,1.0,3.6420623660341676
0.2770126141577618,0.06763719550933078,-0.08747638270788738,-1.0,0.26746483126823994,-1.0,2.857492599296991
1.0,0.5319421693030235,0.4309431243620854,1.0,0.4124499579946656,0.5594993987575689,-1.0855345918358315
0.8344662772536406,1.0,0.5390221651128052,0.9020762284343947,-0.6906477298161199,0.10988505757798897,2.6365467180367643
-1.0,0.7125132410800149,-0.17947747531268193,0.13251720433342856,-0.23861272210292117,-0.09848440948278336,-0.391729739821356
1.0,-1.0,-0.5279263755570676,1.0,0.42841884842662714,-1.0,-0.7597489732375609
1.0,0.6505109482529154,1.0,0.928654774570079,-1.0,-0.5928165290254338,6.8650536966357585
-0.9210531664015662,-0.98383532622179,1.0,-1.0,-1.0,-0.5141281695225433,6.304048471633039
-0.31843452142482803,0.21872604688075126,1.0,0.17640568134757065,-0.5789949697994317,-0.8028370033566705,0.9255304373692348
-1.0,-0.4528783616065618,-0.9422108768287087,-0.9794176744179499,0.04861895293741747,-1.0,4.930264367252837
1.0,1.0,1.0,1.0,1.0,0.5623072474216271,-10.004270198459867
-0.3273399610258201,0.15848937430389165,-0.16474748860268107,-0.994120959223859,-0.37010041541365224,-0.7599472979025401,0.2681395762196024
1.0,-0.31441341453494576,-0.3446651666263906,1.0,0.9767050595549001,0.8623894928453659,-0.32488394257226605
-0.31420994175632544,0.5984852798138358,-0.16018050257743988,-1.0,-0.7464415262916608,-1.0,-0.04504966583853948
-0.12424671219856132,0.33313132489859787,0.9170427293008339,-0.25884752381145004,1.0,0.5370024814666381,-0.5995686410975938
-1.0,-0.13849488544370692,-0.8391889065105993,-1.0,-0.4119986228660356,-0.09089382580861971,-2.007335965033736
1.0,0.7945428224543014,1.0,0.6004819330820246,0.3221057775522118,-0.6607286289227338,-1.125873243793915
-1.0,-0.023808395324980802,-1.0,-1.0,-0.13114833583702729,-0.5496512192616135,-1.623459460307116
0.28549984426651076,1.0,-0.40855354405433797,0.20520227423039605,1.0,1.0,6.782608296489304
0.2122122063360068,-0.2950321009589294,0.32670678912947193,-0.6692508642066269,-1.0,0.40269331783819096,1.707730745553244
-0.029721890387817,0.10402914064632049,1.0,1.0,0.5850232458125877,1.0,-1.4635563861555538
-0.3546927700786069,-1.0,-0.28572504483597383,0.42325946574987866,1.0,0.24374642362213694,0.29071246315061516
0.12752438162255952,-0.05103989676507478,-0.062099788854459215,-1.0,1.0,0.02946207780704868,1.2985844011575367
-0.06518834009097324,0.35247075968287106,-0.6186582081425834,-1.0,0.2410741966113057,0.22403921249876124,0.5634006712766222
-0.6849024607541992,0.5501360532756983,-0.10748310422445234,-0.8021523817197915,-0.4446511625225178,-0.10427465699292282,1.371280418702235
-0.744231985195919,-1.0,0.661031146525736,0.518026771693576,-0.12451273822905445,-0.5820746554851641,0.9332303364071399
1.0,0.20674641738490435,0.15296329926387298,1.0,-0.45186771000435433,0.20227735362890908,0.7843118744279938
-0.6268803758909323,-0.2576502872385652,1.0,-0.7304561377461302,-0.5237742851988346,0.807436962243252,-4.037016460553162
-1.0,-0.7670403008847857,-0.8397536362249785,-1.0,-0.6220154789130938,-0.4037984061769502,-1.5315570452493747
0.6083582107914369,0.5772825903625686,0.6494165375685709,1.0,1.0,1.0,-0.5704383283757574
0.6577075333801397,-1.0,0.5839163944105399,0.06184953628447298,1.0,0.607995100844194,-1.9252708440050044
-0.4248678204947821,-1.0,-0.6872633854843115,-1.0,0.9034661236142909,0.1458581942333277,-3.5430602533167677
-1.0,-0.4032516428300189,0.4789224524895366,-0.942688042739548,-1.0,-1.0,1.1381956169435612
-0.595663935561817,-0.49845525898812204,-0.16555733807142622,0.7905266127279361,0.3564160283526351,0.6911317024904817,1.2957898996273844
0.8601388971584564,1.0,1.0,1.0,-0.08380681606488666,-0.08087414707224205,-1.7088592990886422
0.26063109132795914,0.4516490934938411,-0.07437517406558761,0.22521809741747512,0.7632609448744794,0.9403073857814823,2.9424742151031666
1.0,0.5723216699837059,-0.14618118513099276,0.3350206698278484,0.11575117390240737,-0.8338831050456103,1.208359245365233
-0.9654847004958432,0.11731468102811368,0.6864456727636283,-0.29889526331713445,-0.21967547666790388,-1.0,2.0351568352620397
0.5703361266241989,-0.46652038638290594,-0.4034752974722364,-0.028934019065341987,0.24248407874999767,0.6246750836876578,0.27934112384893756
-0.5161269385918146,-0.7062083924328194,-0.22621729998945073,-0.661708679710951,1.0,1.0,3.5119294040464135
0.038574874857681296,1.0,0.5760105611236892,0.8375300247425082,0.3922972411255663,-0.7845610023711707,0.38353474711811664
0.8388420183785447,-0.48960706162363554,0.014225991271734795,1.0,-0.6225432582163374,0.4765506236660375,2.603194546467688
-0.7336218744280968,-0.40734154268825196,1.0,-1.0,0.3425693999924968,-0.12864163905726883,-0.4127029130434864
0.34685909385901026,-1.0,0.22506623883302013,-0.8449960407179491,0.3434868278277503,0.5672047549579488,-0.5938066478686027
1.0,1.0,-0.021170138727471977,0.8600359038099776,-0.22330643967579455,0.2898687201386616,2.105514248121225
-1.0,-1.0,-0.38731656065408515,-0.8997592901806356,-0.3580625844589944,-1.0,3.433964881996593
-0.9146828288698121,-0.2443173846999971,-0.2465413356257543,-1.0,-0.7838250106560125,0.22729968634789466,-0.42475868348478485
-0.6438147098030625,-0.322214539977247,0.10925421109259509,-0.6343184279186441,0.46064884742344503,1.0,2.054326943174687
-0.6483607935399537,0.6390483563884366,0.7269228173303829,-0.24605630585913224,1.0,-1.0,3.6104420020409345
0.10649565292681773,-0.466888970582475,0.12766688386752734,0.35297988460582924,0.8573585731184417,0.9352615514050596,2.3980546521053117
0.33860294564856874,-1.0,-1.0,-0.1497682788939534,0.3661323893139315,0.6193487934442027,-1.2821705285756633
1.0,1.0,0.9048512173002194,0.27325627364706806,1.0,0.06740265546203492,-4.451772630622771
-0.1580394146516324,-0.4736064445949233,0.1311762373128398,-0.549858153597494,1.0,1.0,2.5124868655117316
-1.0,-1.0,-1.0,-0.8656041478237635,0.1586457432050976,-1.0,2.8253713924797665
0.8338921339681477,0.32910188265372275,-0.4553933165859375,-0.9356294733272029,-0.3075016820727286,-0.019660931411976224,1.4797170638278287
0.024645582280773237,-0.3495098357825226,-0.7018498900410653,-1.0,-0.9396024111411599,-0.555119206724342,1.671880626299459
-0.17435433523242683,0.0005099404388791418,-0.2124925237035159,-0.8774540344896221,0.6028467585993236,1.0,3.7934326490857493
-0.5091772745649834,-0.8049422905747272,-0.02793167742435565,-0.542091067861857,0.8674659246516653,0.04938563561925746,2.0074195491044047
0.11135779099009036,0.45082976116056916,1.0,0.53148529786031,1.0,1.0,-1.9855851952092254
1.0,0.13098006975019671,0.8363914408807722,0.6646631284365274,-0.8170178129123271,0.010261212954531751,3.156272329024281
-0.524322670246287,-0.5344851715860467,-0.6349475789949398,-0.10778969425052864,-0.11328175230981236,0.5808348727541883,-0.28462780885492567
-0.20076473992715238,-0.09383669993701549,-1.0,-1.0,0.913933707508882,1.0,6.866502232569031
-0.16759374778848102,-1.0,-0.5400713563693296,-1.0,0.3944496746117343,0.9464400110781162,-1.4632361078674687
-0.6467332797396962,-0.20073430385724622,-1.0,-1.0,-0.8272262631731582,0.175678321420366,-1.2225518337651424
0.2641880202510056,1.0,-0.007346404793024952,0.28406761730345464,-1.0,0.23871514684349193,0.9342537958314474
-1.0,-0.21775625190130599,-0.5894264261247444,-0.016381670943788396,-0.7751808816623604,-0.5407251311123666,-1.6082503492969913
0.4200814028874284,-0.060820956734358056,-0.23762223317088138,0.547690257412986,1.0,0.9274884759429223,2.9700110813947527
-0.07504561134185833,0.2619906702714539,-1.0,-0.4132395142343409,-0.26300580129566925,0.19569987670896336,-0.09855988012834244
0.38012146050255025,1.0,1.0,0.3984102987212922,1.0,1.0,-3.53972576243426
0.4578413629629181,-0.526372005849683,-0.4815432606674432,-0.7661330266541331,0.003162031640884022,0.08800151391360489,-0.003502074578163983
-0.3011457817111299,0.06483189919765553,0.6902202951173807,1.0,1.0,-1.0,1.5381079394530393
0.3417846361475164,0.48105705787349096,-0.731632958678337,-1.0,0.039922571989421174,1.0,5.2814992090710575
-0.8153776954511105,-0.8266014112812191,-1.0,0.6238092893592211,0.5894023329732057,1.0,5.147898659612851
1.0,0.8542267191887531,1.0,0.4283493074876281,-0.6891866164782539,-0.5824716435186842,3.6421860632359593
-0.2659171095966935,0.48796417607415826,-0.13613344111022652,0.3303228554521138,-1.0,-1.0,1.0426294801049716
0.6985598706104788,1.0,0.4241472221099388,0.7008454799934676,-0.2771916310892777,1.0,2.1668898996646724
-1.0,-0.26739016481043415,0.6684089433282847,-0.28933416697211223,0.6352879815032451,0.044778587119668034,0.013223693005087522
1.0,0.12271558047818942,1.0,1.0,-0.08103965783533451,-0.3295540191484724,-0.16164446607790095
-0.012388727119875043,-0.8204973939757121,0.7946552386403367,-1.0,0.4244002382295071,1.0,-2.677253913016809
-1.0,-1.0,0.531784428228035,-1.0,0.30064170544888513,-0.6302481617198445,3.7370474179740967
1.0,1.0,1.0,1.0,0.8066464656755703,0.4254314532732978,-8.025384967876333
-0.16364210286105813,-0.7250503903044344,-0.40693348162092735,-0.543717953760305,-0.8285098519682249,-0.32868623448700696,0.08163398274768119
-0.2578972148722696,-0.042955114011877286,-0.20427166600943483,0.485283404950751,-1.0,-0.5390254643575902,-0.2642749740040724
0.719281435595065,0.8495383611605742,0.002339907374674266,1.0,0.8578566991063032,-1.0,2.4255144199033003
0.4361727914656952,0.7791215464579895,0.5845381994575537,0.19826359444953745,1.0,1.0,1.3443938574912402
0.8892100480720619,-1.0,-1.0,-0.270389048012299,1.0,0.6453387076348441,-5.930180656378731
-1.0,-0.10802801026643338,1.0,-1.0,-0.8563115079945482,0.9415481762913692,-5.042055485619719
0.05406139736245419,1.0,0.11971206928579325,-0.30745673098978477,0.5810254966913775,-0.17570461973402085,0.22598702080970146
-0.3354216941595056,-1.0,-1.0,-1.0,-0.48422362149472997,0.18558822945210884,-3.170082258925092
0.08160418060738306,-0.28245026655937394,0.15179406256112798,0.8129369419425627,0.04930401729159484,1.0,2.5091563251056668
0.4191055876647627,0.4566712475177128,0.9241217695983546,1.0,-0.4974724688239447,0.5953664921333681,-2.5417762029524873
-0.4351244723125902,-1.0,-0.5579606506634218,-0.47745698707815265,0.5023628298910688,0.6207008887332008,-1.2976256229499197
0.30994698199234383,-1.0,-0.10314310065047311,-1.0,-1.0,-1.0,10.136566742929425
-0.9799305516746419,-1.0,-0.5002289762876956,0.6046379814716073,-1.0,-1.0,-1.9628094290011446
0.9146483086742423,1.0,-0.20007602424729842,0.5399679000968372,0.4051719171718522,0.22143321186359732,0.9439890735683203
-0.28749460396642773,0.3883899573748918,-0.962827184992697,-0.8584094237990038,-0.4833342664715309,-0.366352979376216,-1.5012241760168015
-0.7578684311610391,-1.0,-0.7109798102581768,-0.5208410539830011,0.8435664745538628,-1.0,4.2253206158133825
1.0,0.415064814815276,1.0,0.22769313722294893,0.4378724667077885,0.44953503047124366,-2.2724395503194454
0.12061823947521166,-0.3630201125729777,-1.0,-0.6066510090888534,-0.6135522542511488,-0.48067512673329754,-0.362447317649654
-1.0,-0.047346374334393704,-0.06721134141458729,0.007099912056086649,0.5024487735591285,1.0,3.535981050908824
-0.11709466141155,-0.19732177884771446,0.2735639395469134,-0.569056568609144,-1.0,-1.0,2.2265637395684714
0.7908532290646297,-0.18643329671214304,0.45537026405401615,0.7804816689328565,1.0,-0.8510164077439589,-0.17010159474676018
-0.15747464675865808,-0.9645236909115982,-0.48520362179491827,-0.11029268257709002,0.8138028564783077,-1.0,1.2228207082797165
-0.2448849681190337,-1.0,-0.23387254596095208,-1.0,0.8498587188498945,0.7767507109830232,-0.5283950088312774
-0.46407450748771695,-0.5966481749311897,-0.9297219214491497,-0.9366734223318905,-0.6564671954046352,-0.041440747512897946,-0.20669261511721637
-1.0,-0.9457356604709357,-0.29517192696773464,-1.0,-0.635189681995626,-0.4967144215686217,1.544190459219763
0.6011469333181829,1.0,1.0,1.0,-0.356213200734962,0.4344290449473935,-2.580583365573906
-0.7171489446030921,-0.20299630604418706,-1.0,-1.0,1.0,-0.40519728807197464,-0.4393211930152513
1.0,1.0,1.0,1.0,-0.18495856264645172,1.0,-4.259053652056037
-0.46276870862899067,-0.2508743396524564,-0.4393181352992155,0.14958289019410786,-0.2536402319394153,-0.11007116161967101,0.5517865372559008
0.05603704263676379,0.6120499722116614,0.599947055547875,0.7001062042149542,1.0,0.13212437151841727,-1.0206268445343325
-1.0,-0.1579419429088026,0.1914232883746561,-0.5247962653651033,0.648054442662191,0.3776196728575134,1.2716524606665018
0.7626064826513679,-0.8749947780980598,-1.0,-1.0,-1.0,-1.0,10.52371715969257
0.25873282310314066,0.23884338406528305,-0.807922572319465,-0.1969219665390174,1.0,0.06028620929786044,0.27057750497057764
0.7285840547823834,1.0,-0.015032158625384762,-1.0,-1.0,-0.29167251443446474,6.610437275443233
0.09658149584845166,0.7631382022253046,1.0,-0.16282978234392997,0.6551313751654044,-0.7153996604203057,-1.0719733129449969
-1.0,-1.0,-0.3255962593480486,0.774383401574612,-0.6305574337961033,1.0,0.4684243207952741
-0.28506235405069813,-0.977205403110351,-0.5631629730512235,0.6359222783890783,-0.0845611090808428,1.0,1.7398017193178423
0.011410564715024885,0.17530061845409345,1.0,0.5258869543422486,1.0,0.11236629395753805,-1.6286261626832084
1.0,1.0,1.0,0.021255917134621605,-0.3952084662444957,0.6677252988403003,-1.0380247186090912
-0.9372390174964039,-0.6792879915431863,0.09732440029616757,0.25958551129535257,-0.5275292152061375,-0.1554389271533052,-1.0968967078572331
0.007316312773451794,1.0,0.8212491133352978,1.0,0.5880548068937097,-0.30330739560171416,-4.232006091947002
-0.9993160024503407,-1.0,-0.4245415027353171,-0.9052818060865335,-0.8375715144134881,-0.14970106678005557,-0.6583065831963935
0.11048090908012154,0.19256960267703027,0.6470091687758449,0.4778618292203216,-1.0,-1.0,3.243304298081603
